BEGIN TRANSACTION;
CREATE TABLE IF NOT EXISTS "crop_production_activities_tb_old" (
	"crop_production_activities_id"	integer NOT NULL,
	"crop_id"	integer,
	"kultur"	character varying(5),
	"previous_crop_type_id"	integer,
	"previous_crop_n_delivery"	integer,
	"n_delivery"	integer,
	"undersowing"	boolean
);
CREATE TABLE IF NOT EXISTS "covercrop_tb" (
	"covercrop_id"	INTEGER NOT NULL,
	"name_de"	TEXT,
	"name_en"	TEXT,
	"name_fr"	TEXT,
	PRIMARY KEY("covercrop_id")
);
CREATE TABLE IF NOT EXISTS "crop_type_tb" (
	"crop_type_id"	INTEGER NOT NULL,
	"name_de"	TEXT,
	"name_en"	TEXT,
	"name_fr"	TEXT,
	"old_name"	TEXT,
	PRIMARY KEY("crop_type_id")
);
CREATE TABLE IF NOT EXISTS "sowing_harvest_time_tb" (
	"sowing_harvest_time_id"	INTEGER NOT NULL,
	"name_de"	TEXT,
	"name_en"	TEXT,
	"name_fr"	TEXT,
	PRIMARY KEY("sowing_harvest_time_id")
);
CREATE TABLE IF NOT EXISTS "winter_summer_crop_tb" (
	"winter_summer_crop_id"	INTEGER NOT NULL,
	"type"	TEXT,
	PRIMARY KEY("winter_summer_crop_id")
);
CREATE TABLE IF NOT EXISTS "crops_tb" (
	"crop_id"	INTEGER NOT NULL,
	"acronym"	TEXT NOT NULL,
	"name_de"	TEXT,
	"name_en"	TEXT,
	"name_fr"	TEXT,
	"harvest_time_id"	INTEGER,
	"sowing_time_id"	INTEGER,
	"crop_type_id"	INTEGER,
	"winter_summer_crop_id"	INTEGER,
	"summer_annual_weed_infestation_risk"	DOUBLE,
	"winter_annual_weed_infestation_risk"	DOUBLE,
	"couch_grass_infestation_risk"	DOUBLE,
	FOREIGN KEY("sowing_time_id") REFERENCES "sowing_harvest_time_tb"("sowing_harvest_time_id"),
	FOREIGN KEY("crop_type_id") REFERENCES "crop_type_tb"("crop_type_id"),
	FOREIGN KEY("harvest_time_id") REFERENCES "sowing_harvest_time_tb"("sowing_harvest_time_id"),
	FOREIGN KEY("winter_summer_crop_id") REFERENCES "winter_summer_crop_tb"("winter_summer_crop_id"),
	PRIMARY KEY("crop_id")
);
CREATE TABLE IF NOT EXISTS "production_system_tb" (
	"production_system_id"	INTEGER NOT NULL,
	"production_system_name_de"	TEXT,
	"production_system_name_en"	TEXT,
	"production_system_name_fr"	TEXT,
	PRIMARY KEY("production_system_id")
);
CREATE TABLE IF NOT EXISTS "crop_key_figures_tb" (
	"kult"	TEXT,
	"production_system_id"	INTEGER,
	"opr"	INTEGER,
	"beschreibung"	TEXT,
	"seed_quantity"	DOUBLE DEFAULT 0,
	"dry_mass"	DOUBLE,
	"dry_mass_byproduct"	DOUBLE,
	"ratio_byproduct_main_product"	DOUBLE,
	"n_main_product"	DOUBLE,
	"n_byproduct"	DOUBLE,
	"p_main_product"	DOUBLE,
	"p_byproduct"	DOUBLE,
	"k_main_product"	DOUBLE,
	"k_byproduct"	DOUBLE,
	"n2_fixation"	DOUBLE,
	"n2_fixation_covercrop"	DOUBLE,
	"n_uptake_autumn"	DOUBLE,
	"liming"	DOUBLE,
	"broeckel"	DOUBLE,
	"red_np_us"	DOUBLE,
	"winsom"	INTEGER,
	"erntezeit"	INTEGER,
	"aussaat"	INTEGER,
	"n_mineralisation_crop"	DOUBLE,
	"n_uptake_covercrop"	DOUBLE,
	"n_uptake_undersowing_pre_seeding"	DOUBLE,
	"n_uptake_undersowing_post_harvest"	DOUBLE,
	"erpiorr"	DOUBLE,
	"bemerkung"	TEXT,
	"n_in_main_product_v2"	DOUBLE,
	"n_in_byproduct_v2"	DOUBLE,
	"p_in_main_product_v2"	DOUBLE,
	"p_in_byproduct_v2"	DOUBLE,
	"k_in_main_product_v2"	DOUBLE,
	"k_in_byproduct_v2"	DOUBLE,
	"crop_key_figures_id"	INTEGER NOT NULL,
	"crop_id"	INTEGER,
	"seed_quantity_from_sq_tb"	INTEGER,
	FOREIGN KEY("crop_id") REFERENCES "crops_tb"("crop_id"),
	FOREIGN KEY("production_system_id") REFERENCES "production_system_tb"("production_system_id"),
	PRIMARY KEY("crop_key_figures_id")
);
CREATE TABLE IF NOT EXISTS "crop_production_activities_tb" (
	"crop_production_activities_id"	INTEGER NOT NULL,
	"crop_id"	INTEGER,
	"acronym"	TEXT,
	"previous_crop_type_id"	INTEGER,
	"previous_crop_n_delivery"	INTEGER,
	"n_delivery"	INTEGER,
	"undersowing"	INTEGER,
	PRIMARY KEY("crop_production_activities_id")
);
CREATE TABLE IF NOT EXISTS "environmental_protection_measures_tb" (
	"environmental_protection_measures_id"	INTEGER NOT NULL,
	"acronym"	TEXT,
	"description_de"	TEXT,
	"description_en"	TEXT,
	"description_fr"	TEXT,
	"annotation"	TEXT,
	PRIMARY KEY("environmental_protection_measures_id")
);
CREATE TABLE IF NOT EXISTS "humus_factors_tb" (
	"humus_factors_id"	INTEGER NOT NULL,
	"production_system_id"	INTEGER,
	"crops_id"	INTEGER,
	"humus_required"	INTEGER,
	"humus_units_for_oil"	DOUBLE,
	"annotation"	TEXT,
	FOREIGN KEY("crops_id") REFERENCES "crops_tb"("crop_id"),
	FOREIGN KEY("production_system_id") REFERENCES "production_system_tb"("production_system_id"),
	PRIMARY KEY("humus_factors_id")
);
CREATE TABLE IF NOT EXISTS "m_n_crop_environmental_protection_measures_factors_tb" (
	"m_n_crop_environmental_protection_measures_factors_id"	INTEGER NOT NULL,
	"crop_id"	INTEGER,
	"environmental_protection_measures_id"	INTEGER,
	"correction_factor"	DOUBLE,
	"harvest_loss"	DOUBLE,
	"gesamtschlag"	INTEGER,
	FOREIGN KEY("environmental_protection_measures_id") REFERENCES "environmental_protection_measures_tb"("environmental_protection_measures_id"),
	FOREIGN KEY("crop_id") REFERENCES "crops_tb"("crop_id"),
	PRIMARY KEY("m_n_crop_environmental_protection_measures_factors_id")
);
CREATE TABLE IF NOT EXISTS "m_n_crops_covercrop_tb" (
	"m_n_crops_covercrop_id"	INTEGER NOT NULL,
	"kultur"	TEXT,
	"crop_id"	INTEGER,
	"covercrop_id"	INTEGER,
	"mosab_id"	INTEGER,
	FOREIGN KEY("m_n_crops_covercrop_id") REFERENCES "crops_tb"("crop_id"),
	FOREIGN KEY("m_n_crops_covercrop_id") REFERENCES "covercrop_tb"("covercrop_id"),
	PRIMARY KEY("m_n_crops_covercrop_id")
);
CREATE TABLE IF NOT EXISTS "manure_liquid_solid_type_tb" (
	"manure_liquid_solid_type_id"	INTEGER NOT NULL,
	"name_de"	TEXT,
	"name_en"	TEXT,
	"name_fr"	TEXT,
	PRIMARY KEY("manure_liquid_solid_type_id")
);
CREATE TABLE IF NOT EXISTS "manure_types_tb" (
	"manure_types_id"	INTEGER NOT NULL,
	"name_de"	TEXT,
	"name_en"	TEXT,
	"name_fr"	TEXT,
	"description"	TEXT,
	"exists_as_solid_manure"	INTEGER,
	"exists_as_liquid_manure"	INTEGER,
	PRIMARY KEY("manure_types_id")
);
CREATE TABLE IF NOT EXISTS "manure_liquid_standardvalues_tb" (
	"manure_liquid_standardvalues_id"	INTEGER NOT NULL,
	"manure_type_id"	INTEGER,
	"dry_mass"	DOUBLE,
	"n_content_kg_per_m3"	DOUBLE,
	"n_availability_percent"	INTEGER,
	"n_loss_percent"	INTEGER,
	"p_content_kg_per_t"	DOUBLE,
	"k_content_kg_per_t"	DOUBLE,
	FOREIGN KEY("manure_type_id") REFERENCES "manure_types_tb"("manure_types_id"),
	FOREIGN KEY("manure_liquid_standardvalues_id") REFERENCES "manure_types_tb"("manure_types_id"),
	PRIMARY KEY("manure_liquid_standardvalues_id")
);
CREATE TABLE IF NOT EXISTS "manure_rotting_tb" (
	"manure_rotting_id"	INTEGER NOT NULL,
	"name_de"	TEXT,
	"name_en"	TEXT,
	"name_fr"	TEXT,
	"description"	TEXT,
	PRIMARY KEY("manure_rotting_id")
);
CREATE TABLE IF NOT EXISTS "manure_solid_standardvalues_tb" (
	"manure_solid_standardvalues_id"	INTEGER NOT NULL,
	"manure_type_id"	INTEGER,
	"manure_solid_rotting_id"	INTEGER,
	"dry_mass"	DOUBLE,
	"n_content_kg_per_t"	DOUBLE,
	"n_availability_percent"	DOUBLE,
	"n_loss_percent"	DOUBLE,
	"p_content_kg_per_t"	DOUBLE,
	"k_content_kg_per_t"	DOUBLE,
	FOREIGN KEY("manure_type_id") REFERENCES "manure_types_tb"("manure_types_id"),
	FOREIGN KEY("manure_solid_rotting_id") REFERENCES "manure_rotting_tb"("manure_rotting_id"),
	PRIMARY KEY("manure_solid_standardvalues_id")
);
CREATE TABLE IF NOT EXISTS "n_delivery_tb" (
	"n_delivery_id"	INTEGER NOT NULL,
	"name_de"	TEXT,
	"name_en"	TEXT,
	"name_fr"	TEXT,
	PRIMARY KEY("n_delivery_id")
);
CREATE TABLE IF NOT EXISTS "n_fixation_factor_tb" (
	"n_fixation_factor_id"	INTEGER NOT NULL,
	"crop_id"	INTEGER,
	"kultur"	TEXT,
	"correction_factor_harvest_losses"	DOUBLE,
	"dry_substance"	DOUBLE,
	"pure_stand"	INTEGER,
	"ndfa"	DOUBLE,
	"legume_ratio"	DOUBLE,
	"n_in_dry_mass_legumes"	DOUBLE,
	"ndfa_legumes_a"	DOUBLE,
	"ndfa_legumes_b"	DOUBLE,
	"n_in_dry_mass_non_legumes"	DOUBLE,
	"ndfa_non_legumes_a"	DOUBLE,
	"ndfa_non_legumes_b"	DOUBLE,
	"ndfa_non_legumes_c"	DOUBLE,
	"ratio_yield_root_residues"	DOUBLE,
	"n_in_residues"	DOUBLE,
	"annotations"	TEXT,
	FOREIGN KEY("crop_id") REFERENCES "crops_tb"("crop_id"),
	PRIMARY KEY("n_fixation_factor_id")
);
CREATE TABLE IF NOT EXISTS "n_fixation_us_tb" (
	"n_fix_us_id"	INTEGER NOT NULL,
	"leg_ant"	DOUBLE,
	"leg_ant_us"	DOUBLE,
	"kultur"	TEXT,
	"dry_mass"	DOUBLE,
	"yield_dt_us_1"	DOUBLE,
	"yield_dt_us_koerner_leguminosen"	DOUBLE,
	"yield_dt_us_koerner_leguminosen_o"	DOUBLE,
	"corr_st0_lz0"	INTEGER,
	"yield_dt_us_cereal_o"	DOUBLE,
	"yield_dt_us_sma_kma_ska"	DOUBLE,
	"yield_dt_cc"	DOUBLE,
	"yield_dt_us"	DOUBLE,
	"n_fix_us_neu"	DOUBLE,
	"n_fix_us"	DOUBLE,
	"n_fix_cc"	DOUBLE,
	"n_fix_us_cc"	DOUBLE,
	"n_uptake_us"	DOUBLE,
	"n_uptake_us_vol"	DOUBLE,
	"p_uptake_us"	DOUBLE,
	"k_uptake_us"	DOUBLE,
	"crop_id"	INTEGER,
	"n_fixation_us_covercrop_id"	INTEGER,
	FOREIGN KEY("crop_id") REFERENCES "crops_tb"("crop_id"),
	PRIMARY KEY("n_fix_us_id")
);
CREATE TABLE IF NOT EXISTS "n_need_n_fix_us_tb" (
	"n_need_n_fix_us_id"	INTEGER NOT NULL,
	"kult"	TEXT,
	"opr"	INTEGER,
	"n_need_per_dt"	DOUBLE,
	"n_need_per_t"	DOUBLE,
	"crop_id"	INTEGER,
	"production_system_id"	INTEGER,
	FOREIGN KEY("n_need_n_fix_us_id") REFERENCES "crops_tb"("crop_id"),
	FOREIGN KEY("n_need_n_fix_us_id") REFERENCES "production_system_tb"("production_system_id"),
	PRIMARY KEY("n_need_n_fix_us_id")
);
CREATE TABLE IF NOT EXISTS "n_need_tb" (
	"kult"	TEXT,
	"opr"	INTEGER,
	"n_need_per_dt"	DOUBLE,
	"n_need_per_t"	DOUBLE,
	"crop_id"	INTEGER,
	"n_need_id"	INTEGER NOT NULL,
	"production_system_id"	INTEGER,
	FOREIGN KEY("production_system_id") REFERENCES "production_system_tb"("production_system_id"),
	FOREIGN KEY("crop_id") REFERENCES "crops_tb"("crop_id"),
	PRIMARY KEY("n_need_id")
);
CREATE TABLE IF NOT EXISTS "projects_tb" (
	"projects_id"	INTEGER NOT NULL,
	"projects_user"	TEXT,
	"projects_name"	TEXT,
	"project_last_changed"	TEXT,
	"dict_tab_general"	TEXT,
	"dict_tab_manure"	TEXT,
	"dict_tab_rotation"	TEXT,
	"results"	TEXT,
	"result_temp"	TEXT,
	"dict_tab_free_generation"	TEXT,
	"dict_tab_epm"	TEXT,
	"ui_status_tabs"	TEXT,
	"result_general"	TEXT,
	PRIMARY KEY("projects_id")
);
CREATE TABLE IF NOT EXISTS "report_rows_tb" (
	"report_rows_id"	INTEGER NOT NULL,
	"project_key"	TEXT,
	"name_de"	TEXT,
	"name_en"	TEXT,
	"name_fr"	TEXT,
	"position"	INTEGER,
	PRIMARY KEY("report_rows_id")
);
CREATE TABLE IF NOT EXISTS "rotation_restrictions_crop_tb" (
	"rotation_restrictions_crop_id"	INTEGER NOT NULL DEFAULT 0,
	"description"	TEXT,
	"ff_ant"	DOUBLE DEFAULT 0,
	"ff_ant_roth"	DOUBLE DEFAULT 0,
	"ff_ant_original"	DOUBLE DEFAULT 0,
	"ffa_year_1"	DOUBLE DEFAULT 0,
	"ffa_year_2"	DOUBLE DEFAULT 0,
	"ffa_year_3"	DOUBLE DEFAULT 0,
	"ffa_year_4"	DOUBLE DEFAULT 0,
	"ffa_year_5"	DOUBLE DEFAULT 0,
	"years_of_cultivation"	DOUBLE DEFAULT 0,
	"years_total"	DOUBLE DEFAULT 0,
	FOREIGN KEY("rotation_restrictions_crop_id") REFERENCES "crops_tb"("crop_id"),
	PRIMARY KEY("rotation_restrictions_crop_id")
);
CREATE TABLE IF NOT EXISTS "soil_quality_tb" (
	"soil_quality_id"	INTEGER NOT NULL,
	"soil_index"	INTEGER,
	"name_de"	TEXT,
	"whc_rz"	INTEGER,
	"name_en"	TEXT,
	"name_fr"	TEXT,
	"particle_01micro_m"	DOUBLE,
	PRIMARY KEY("soil_quality_id")
);
CREATE TABLE IF NOT EXISTS "tillage_tb" (
	"tillage_id"	INTEGER NOT NULL,
	"name_de"	TEXT,
	"name_en"	TEXT,
	"name_fr"	TEXT,
	PRIMARY KEY("tillage_id")
);
CREATE TABLE IF NOT EXISTS "undersowing_covercrops_tb" (
	"undersowing_covercrops_id"	INTEGER NOT NULL,
	"name_de"	TEXT,
	"name_en"	TEXT,
	"name_fr"	TEXT,
	"crop_type_id"	INTEGER,
	FOREIGN KEY("undersowing_covercrops_id") REFERENCES "crop_type_tb"("crop_type_id"),
	PRIMARY KEY("undersowing_covercrops_id")
);
CREATE TABLE IF NOT EXISTS "users_tb" (
	"user_id"	INTEGER NOT NULL,
	"name"	TEXT,
	"last_login"	TEXT,
	PRIMARY KEY("user_id")
);
CREATE TABLE IF NOT EXISTS "weed_infestation_index_tb" (
	"weed_infestation_index_id"	INTEGER NOT NULL,
	"crop_id"	INTEGER,
	"acronym"	TEXT NOT NULL,
	"sa_index"	INTEGER,
	"crop_type_id"	INTEGER,
	"winter_summer_crop_id"	INTEGER,
	"summer_winter_annual_id"	INTEGER,
	"wa_index"	INTEGER,
	"q_index"	INTEGER,
	FOREIGN KEY("weed_infestation_index_id") REFERENCES "crops_tb"("crop_id"),
	PRIMARY KEY("weed_infestation_index_id")
);
CREATE TABLE IF NOT EXISTS "winterhardiness_values_tb" (
	"winterhardiness_values_id"	INTEGER NOT NULL,
	"name_de"	TEXT,
	"name_en"	TEXT,
	"name_fr"	TEXT,
	"winterhardiness_value"	DOUBLE,
	PRIMARY KEY("winterhardiness_values_id")
);
CREATE TABLE IF NOT EXISTS "yield_crop_coefficients_bachinger_tb" (
	"a_1"	DOUBLE,
	"a_2"	DOUBLE,
	"a_3"	DOUBLE,
	"acronym"	TEXT NOT NULL,
	"b_1"	DOUBLE,
	"b_2"	DOUBLE,
	"b_3"	DOUBLE,
	"c_1"	DOUBLE,
	"c_2"	DOUBLE,
	"c_3"	DOUBLE,
	"crop_id"	INTEGER,
	"yield_crop_coefficients_bachinger_id"	INTEGER NOT NULL,
	FOREIGN KEY("crop_id") REFERENCES "crops_tb"("crop_id"),
	PRIMARY KEY("yield_crop_coefficients_bachinger_id")
);
CREATE TABLE IF NOT EXISTS "yield_crop_coefficients_tb" (
	"a_1"	DOUBLE,
	"a_2"	DOUBLE,
	"a_3"	DOUBLE,
	"yield_precrop_kultur"	TEXT NOT NULL,
	"b_1"	DOUBLE,
	"b_2"	DOUBLE,
	"b_3"	DOUBLE,
	"c_1"	DOUBLE,
	"c_2"	DOUBLE,
	"c_3"	DOUBLE,
	"yield_precrop_comment"	TEXT,
	"yield_crop_coefficients_id"	INTEGER NOT NULL,
	"crop_id"	INTEGER,
	FOREIGN KEY("yield_crop_coefficients_id") REFERENCES "crops_tb"("crop_id"),
	PRIMARY KEY("yield_crop_coefficients_id")
);
INSERT INTO "covercrop_tb" ("covercrop_id","name_de","name_en","name_fr") VALUES (1,'keine','none','aucune'),
 (2,'Zwischenfrucht','covercrop','* TRIAL * TRIAL'),
 (3,'Zwischenfrucht als Untersaat','* TRIAL * TRIAL * TRIAL ','herbes avant ou après recolte ???');
INSERT INTO "crop_type_tb" ("crop_type_id","name_de","name_en","name_fr","old_name") VALUES (0,'alle Fruchtgruppen','* TRIAL * TRIA','* TRIAL * TRIAL * TRIAL * T',NULL),
 (1,'* TRIAL ','cereal','céréale','V01'),
 (2,'* TRIAL * T','leaf crop','plante à feuilles','V02'),
 (3,'* TRIAL * TRIAL ','grain legume','légumineuse à graines','V03'),
 (4,'* TRIAL * TRIAL ','* TRIAL * TRI','légumineuse fourragée','V04'),
 (5,'* TRIAL *','undersowing','sous-semis de couverture',NULL),
 (6,'* TRIAL * TRIA','covercrop','culture dérobée',NULL);
INSERT INTO "sowing_harvest_time_tb" ("sowing_harvest_time_id","name_de","name_en","name_fr") VALUES (1,'früh',NULL,NULL),
 (2,'mittel',NULL,NULL),
 (3,'spät',NULL,NULL);
INSERT INTO "winter_summer_crop_tb" ("winter_summer_crop_id","type") VALUES (0,'wintercrop'),
 (1,'* TRIAL * '),
 (2,'both, winter- and summercrop');
INSERT INTO "crops_tb" ("crop_id","acronym","name_de","name_en","name_fr","harvest_time_id","sowing_time_id","crop_type_id","winter_summer_crop_id","summer_annual_weed_infestation_risk","winter_annual_weed_infestation_risk","couch_grass_infestation_risk") VALUES (0,'000','keine','none','aucune',NULL,NULL,NULL,NULL,NULL,NULL,NULL),
 (1,'DIN','Dinkel','Spelt','épeautre',2,3,1,0,0.0,4.0,1.0),
 (2,'HAF','Hafer','Oat','avoine',2,3,1,1,1.0,0.0,-1.0),
 (3,'KMA','* TRIAL * ','grain maize','maïs-grain',3,3,1,1,4.0,-1.0,-2.0),
 (4,'SGE','* TRIAL * TR','* TRIAL * TRI','orge de printemps',1,3,1,1,2.0,0.0,1.0),
 (5,'SMA','* TRIAL ','Silage maize','* TRIAL * TRI',3,3,1,1,4.0,-1.0,-2.0),
 (6,'SWE','Sommerweizen','* TRIAL * TR','blé de printemps',2,3,1,1,2.0,0.0,0.0),
 (7,'TRI','Triticale','Triticale','* TRIAL *',2,3,1,0,-1.0,3.0,0.0),
 (8,'WGE','Wintergerste','Winter barley','orge d''hiver',1,2,1,0,-1.0,3.0,0.0),
 (9,'WRO','Winterroggen','* TRIAL * ','* TRIAL * TRIA',2,3,1,0,-1.0,3.0,-1.0),
 (10,'WWE','Winterweizen','* TRIAL * TR','* TRIAL * T',2,3,1,0,0.0,4.0,1.0),
 (11,'FRU','* TRIAL * ','fodder beet','* TRIAL * TRIAL * TR',3,3,2,1,3.0,-2.0,-2.0),
 (12,'SKA','Speisekartoffeln','Potato','pomme de terre',2,3,2,1,3.0,-2.0,-3.0),
 (13,'SPM','Speisemöhren','Carrot','carotte',3,3,2,1,3.0,-2.0,-2.0),
 (14,'STR','* TRIAL *','swede','* TRIAL ',3,3,2,1,3.0,-2.0,-2.0),
 (15,'ZRU','Zuckerrübe','sugar beet','* TRIAL * TRIAL * ',3,3,2,1,3.0,-2.0,-2.0),
 (16,'ZWI','Zwiebeln','Onion','oignon',3,3,2,1,3.0,-2.0,-2.0),
 (17,'ABO','Ackerbohne','* TRIAL *','fèverole',2,3,3,1,4.0,-1.0,0.0),
 (18,'FER','* TRIAL * T','Pea','pois fourrager',1,3,3,1,3.0,-1.0,1.0),
 (19,'GLU','Lupine','Lupin','lupin',2,3,3,1,3.0,-1.0,1.0),
 (20,'HEG','* TRIAL * TRIAL * TR','Oat-pea-mix','mélange avoine-pois fourrager',2,3,3,1,2.0,-1.0,-1.0),
 (21,'SBO','Sojabohne','* TRIAL ','graine de soja',2,3,3,1,4.0,-2.0,1.0),
 (22,'LKS','* TRIAL * TRIAL * TRIAL * ','* TRIAL * TRIAL * TRIAL * ','légumineuse graminée silage 3 fauches',1,3,4,2,-1.0,-1.0,0.0),
 (23,'LKZ','Leguminosengras Herbstsaat, 3 x Silage','* TRIAL * TRIAL * TRIAL * TRIAL * T','Léggram semis d''automne silage 3 fauches',1,2,4,2,-1.0,-1.0,-1.0),
 (24,'LZ0','* TRIAL * TRIAL * TRIAL * TRIAL * TRIAL * TRIAL','Legume-grass spring sown green forage 2 cuts','* TRIAL * TRIAL * TRIAL * TRIAL * TRIAL * TRIAL * TRIAL * TRIAL',3,3,4,1,3.0,-1.0,-1.0),
 (25,'LZG','Leguminosengras Grünfutter dreischnittig','Legume-grass green forage 3 cuts','* TRIAL * TRIAL * TRIAL * TRIAL * TRIAL * TR',1,3,4,2,-1.0,-1.0,0.0),
 (26,'LZH','Leguminosengras Heu-Heu-Silage','Legume-grass hay-hay-silage','légumineuse graminée foin-foin-silage',1,3,4,2,-1.0,-1.0,0.0),
 (27,'LZS','Leguminosengras Heu-Silage-Silage','Legume-grass hay-silage-silage','légumineuse graminée foin-silage-silage',1,3,4,2,-1.0,-1.0,0.0),
 (28,'LZX','* TRIAL * TRIAL * TRIAL * TRIAL * TRIAL * TRIAL * TRI','Leggrass harvest sown green forage 3 cuts','légumineuse graminée semis d''automne fourrage vert 3 fauches',1,2,4,2,-1.0,-1.0,0.0),
 (29,'LZY','Leguminosengras Herbstsaat Heu-Heu-Silage','* TRIAL * TRIAL * TRIAL * TRIAL * TR','* TRIAL * TRIAL * TRIAL * TRIAL * TRIAL ',1,2,4,2,-1.0,-1.0,-1.0),
 (30,'LZZ','Legumuminosengras Herbstsaat Heu-Silage-Silage','* TRIAL * TRIAL * TRIAL * TRIAL * TRIAL','Léggram semis d''automne foin-silage-silage',1,2,4,2,-1.0,-1.0,-1.0),
 (31,'ST0','Stillegung mit Leguminosen-Gras-Gemisch im Ansaatjahr','* TRIAL * TRIAL * TRIAL * TRIAL','arrêt de production LégFourr comme semis de printemps',3,3,4,1,3.0,-1.0,0.0),
 (32,'ST1','Stillegung mit Leguminosen-Gras-Gemisch im 1. Hauptnutzungsjahr','* TRIAL * TRIAL * TRIAL * TRI','* TRIAL * TRIAL * TRIAL * TRIAL * TRIAL * TRIAL * TRIAL * TRIA',1,3,4,1,-1.0,-1.0,0.0),
 (33,'WRA','Winterraps','Winter rapeseed','* TRIAL * TRI',2,2,2,0,-2.0,2.0,-2.0),
 (34,'LKU','Leguminosengras Untersaat',NULL,NULL,3,3,NULL,0,NULL,NULL,NULL),
 (35,'BGE','* TRIAL * TRIAL *',NULL,NULL,1,3,NULL,1,NULL,NULL,NULL),
 (36,'ERB','Erbsen',NULL,NULL,1,3,NULL,1,NULL,NULL,NULL),
 (37,'FLE','* TRIAL *',NULL,NULL,2,3,NULL,1,NULL,NULL,NULL),
 (38,'OLE','Öllein',NULL,NULL,2,3,NULL,1,NULL,NULL,NULL),
 (39,'SBL','Sonnenblumen',NULL,NULL,3,3,NULL,1,NULL,NULL,NULL),
 (40,'SEN','Senf',NULL,NULL,1,3,NULL,1,NULL,NULL,NULL),
 (41,'SGF','Sommergerste Futter',NULL,NULL,1,3,NULL,1,NULL,NULL,NULL),
 (42,'SRA','Sommerraps',NULL,NULL,2,3,NULL,1,NULL,NULL,NULL),
 (43,'WGR','* TRIAL ',NULL,NULL,1,3,NULL,0,NULL,NULL,NULL),
 (44,'WLU','Weißlupinen',NULL,NULL,2,3,NULL,1,4.0,-1.0,2.0),
 (45,'LKG','Leguminosengras Grünfutter',NULL,NULL,3,3,NULL,2,-1.0,-1.0,0.0),
 (46,'LKH','Leguminosengras Heu',NULL,NULL,3,3,NULL,2,-1.0,-1.0,0.0),
 (47,'BRA','Brache',NULL,NULL,3,3,NULL,1,NULL,NULL,NULL),
 (48,'GRO','Grünroggen',NULL,NULL,1,1,NULL,0,NULL,NULL,NULL),
 (49,'KGR','Kleegras',NULL,NULL,3,3,NULL,2,NULL,NULL,NULL),
 (50,'KLG','Kleegras Grünfutter',NULL,NULL,3,3,NULL,1,NULL,NULL,NULL),
 (51,'KLS','* TRIAL * TRIAL',NULL,NULL,3,3,NULL,1,NULL,NULL,NULL),
 (52,'KNG','Knaulgras',NULL,NULL,1,3,NULL,2,NULL,NULL,NULL),
 (53,'LU1','Luzerne Grünfutter 1.Jahr nach Ansaat',NULL,NULL,3,3,NULL,0,NULL,NULL,NULL),
 (54,'LU2','Luzerne Grünfutter 2.Jahr nach Ansaat',NULL,NULL,3,3,NULL,0,NULL,NULL,NULL),
 (55,'LUP','Lupinen',NULL,NULL,2,3,NULL,1,3.0,-1.0,1.0),
 (56,'SJB',NULL,NULL,NULL,NULL,NULL,NULL,NULL,NULL,NULL,NULL),
 (57,'WEG','* TRIAL * ',NULL,NULL,1,3,NULL,2,NULL,NULL,NULL),
 (58,'KLE','Klee',NULL,NULL,3,3,NULL,2,NULL,NULL,NULL),
 (59,'RKG','Rotkleegras',NULL,NULL,3,3,NULL,0,NULL,NULL,NULL),
 (60,'RKL','Rotklee',NULL,NULL,3,3,NULL,0,NULL,NULL,NULL),
 (61,'LGR','Luzernegras',NULL,NULL,3,3,NULL,0,NULL,NULL,NULL),
 (62,'WIC','Wicken',NULL,NULL,2,3,NULL,0,NULL,NULL,NULL),
 (63,'FHA','Futterhackfrüchte',NULL,NULL,3,3,NULL,1,NULL,NULL,NULL),
 (64,'FKA','Futterkartoffeln',NULL,NULL,3,3,NULL,1,NULL,NULL,NULL),
 (65,'STI','* TRIAL * ',NULL,NULL,3,3,NULL,1,-1.0,-1.0,0.0),
 (66,'GDU','* TRIAL * T',NULL,NULL,3,3,NULL,1,NULL,NULL,NULL),
 (67,'GTG','Getreidegemenge',NULL,NULL,2,3,NULL,2,NULL,NULL,NULL),
 (68,'IKA','* TRIAL * TRIAL * T',NULL,NULL,3,3,NULL,1,NULL,NULL,NULL),
 (69,'PKA','* TRIAL * TRIAL ',NULL,NULL,2,3,NULL,1,NULL,NULL,NULL),
 (70,'LEI','Lein',NULL,NULL,2,3,NULL,1,NULL,NULL,NULL),
 (71,'PF1','Puffer I',NULL,NULL,NULL,NULL,NULL,NULL,NULL,NULL,NULL),
 (72,'RIE','Großseggenrieder. Landröhrichte',NULL,NULL,NULL,NULL,NULL,NULL,NULL,NULL,NULL),
 (73,'TRR','* TRIAL * TR',NULL,NULL,NULL,NULL,NULL,NULL,NULL,NULL,NULL),
 (74,'RNW','Rübennachweide',NULL,NULL,3,3,NULL,1,NULL,NULL,NULL),
 (75,'GAW','Getreideauswuchs',NULL,NULL,3,3,NULL,1,NULL,NULL,NULL),
 (76,'GRH','Futtergräser, Heu',NULL,NULL,3,3,NULL,2,NULL,NULL,NULL),
 (77,'GRS','Futtergräser, Silage',NULL,NULL,3,3,NULL,2,NULL,NULL,NULL),
 (78,'ST2','Stillegung mit Fleg im 2. Hauptnutz.Jahr',NULL,NULL,1,3,NULL,1,NULL,NULL,NULL),
 (79,'FHU','* TRIAL * TRIAL * T',NULL,NULL,3,3,NULL,1,NULL,NULL,NULL),
 (80,'HFG','* TRIAL * TRIAL * T',NULL,NULL,2,3,NULL,1,NULL,NULL,NULL),
 (81,'BLU','Blaulupinen',NULL,NULL,2,3,NULL,1,NULL,NULL,NULL),
 (82,'SGU','Salatgurken',NULL,NULL,1,3,NULL,1,NULL,NULL,NULL),
 (83,'GUR','Gurken',NULL,NULL,3,3,NULL,1,NULL,NULL,NULL),
 (84,'TAB','Tabak',NULL,NULL,3,3,NULL,1,NULL,NULL,NULL),
 (85,'GLA','* TRIAL * TRIAL ',NULL,NULL,3,3,NULL,1,NULL,NULL,NULL),
 (86,'HUT','* TRIAL ',NULL,NULL,3,3,NULL,2,NULL,NULL,NULL),
 (87,'GHE','Grünland Heu',NULL,NULL,3,3,NULL,1,NULL,NULL,NULL),
 (88,'GWS','* TRIAL * TRIAL * T',NULL,NULL,3,3,NULL,2,NULL,NULL,NULL),
 (89,'GSW','Grünland Standweide',NULL,NULL,3,3,NULL,2,NULL,NULL,NULL),
 (90,'GWU','Grünland Umtriebsweide',NULL,NULL,3,3,NULL,2,NULL,NULL,NULL),
 (91,'GGF','Grünland Frischfutter',NULL,NULL,3,3,NULL,1,NULL,NULL,NULL),
 (92,'GGE','Grüngetreide',NULL,NULL,1,2,NULL,2,NULL,NULL,NULL),
 (93,'GHA','* TRIAL *',NULL,NULL,1,3,NULL,1,NULL,NULL,NULL),
 (94,'GMA','Grünmais',NULL,NULL,2,3,NULL,NULL,NULL,NULL,NULL),
 (95,'CCM','* TRIAL * TR',NULL,NULL,3,3,NULL,1,NULL,NULL,NULL),
 (96,'DWG','Deutsches Weidelgras',NULL,NULL,3,3,NULL,2,NULL,NULL,NULL),
 (97,'HAN','Hanf',NULL,NULL,3,3,NULL,1,NULL,NULL,NULL),
 (98,'BLK','* TRIAL * ',NULL,NULL,3,3,NULL,1,NULL,NULL,NULL),
 (99,'KOK','Kopfkohl',NULL,NULL,3,3,NULL,1,NULL,NULL,NULL),
 (100,'FGH','Feldgehölzpflege',NULL,NULL,NULL,NULL,NULL,NULL,NULL,NULL,NULL),
 (101,'HEK','Heckenpflege. kurz',NULL,NULL,NULL,NULL,NULL,NULL,NULL,NULL,NULL),
 (102,'HEL','Heckenpflege. lang',NULL,NULL,NULL,NULL,NULL,NULL,NULL,NULL,NULL),
 (103,'LHA','Landschaftspflege. Hecke. Anlage',NULL,NULL,NULL,NULL,NULL,NULL,NULL,NULL,NULL),
 (104,'NGG','Naßwiesen Mahd (2x)',NULL,NULL,NULL,NULL,NULL,NULL,NULL,NULL,NULL),
 (105,'NWW','Naßwiesen Beweidung (2x)',NULL,NULL,NULL,NULL,NULL,NULL,NULL,NULL,NULL),
 (106,'KOR','* TRIAL ',NULL,NULL,3,3,NULL,1,NULL,NULL,NULL),
 (107,'ROK','Rotkohl',NULL,NULL,3,3,NULL,1,NULL,NULL,NULL),
 (108,'RSK','* TRIAL *',NULL,NULL,3,3,NULL,1,NULL,NULL,NULL),
 (109,'RRU','* TRIAL * ',NULL,NULL,3,3,NULL,1,NULL,NULL,NULL),
 (110,'WIK','* TRIAL * T',NULL,NULL,3,3,NULL,1,NULL,NULL,NULL),
 (111,'WEK','Weißkohl',NULL,NULL,3,3,NULL,1,NULL,NULL,NULL),
 (112,'SEL','Sellerie',NULL,NULL,3,3,NULL,1,NULL,NULL,NULL),
 (113,'SPI','Spinat',NULL,NULL,3,3,NULL,1,NULL,NULL,NULL),
 (114,'DIB','Dicke Bohnen',NULL,NULL,2,3,NULL,1,NULL,NULL,NULL),
 (115,'GRE','Grüne Erbsen',NULL,NULL,3,3,NULL,1,NULL,NULL,NULL),
 (116,'GRB','Grüne Bohnen',NULL,NULL,3,3,NULL,1,NULL,NULL,NULL),
 (117,'EGU','Einlegegurken',NULL,NULL,3,3,NULL,1,NULL,NULL,NULL),
 (118,'LHS','* TRIAL * TRIAL * TRIAL * TRIAL ',NULL,NULL,NULL,NULL,NULL,NULL,NULL,NULL,NULL);
INSERT INTO "production_system_tb" ("production_system_id","production_system_name_de","production_system_name_en","production_system_name_fr") VALUES (1,'* TRIAL * TRIAL * TRIAL * TRI',NULL,NULL),
 (2,'Ökologische Landwirtschaft',NULL,NULL),
 (3,'* TRIAL * TRIAL * TRIAL *',NULL,NULL),
 (4,'* TRIAL * TRIAL * TRIAL * TRIAL * TRIAL * TRIAL',NULL,NULL);
INSERT INTO "crop_key_figures_tb" ("kult","production_system_id","opr","beschreibung","seed_quantity","dry_mass","dry_mass_byproduct","ratio_byproduct_main_product","n_main_product","n_byproduct","p_main_product","p_byproduct","k_main_product","k_byproduct","n2_fixation","n2_fixation_covercrop","n_uptake_autumn","liming","broeckel","red_np_us","winsom","erntezeit","aussaat","n_mineralisation_crop","n_uptake_covercrop","n_uptake_undersowing_pre_seeding","n_uptake_undersowing_post_harvest","erpiorr","bemerkung","n_in_main_product_v2","n_in_byproduct_v2","p_in_main_product_v2","p_in_byproduct_v2","k_in_main_product_v2","k_in_byproduct_v2","crop_key_figures_id","crop_id","seed_quantity_from_sq_tb") VALUES ('WEG',1,0,'Weidelgras',NULL,NULL,NULL,NULL,0.0,0.0,0.0,0.0,0.0,0.0,NULL,NULL,NULL,NULL,NULL,NULL,2,1,3,1.0,0.0,0.0,0.0,NULL,NULL,NULL,NULL,NULL,NULL,NULL,NULL,1,57,NULL),
 ('KNG',1,0,'Knaulgras',NULL,NULL,NULL,NULL,0.0,0.0,0.0,0.0,0.0,0.0,NULL,NULL,50.0,0.0,NULL,NULL,2,1,3,1.0,0.0,0.0,0.0,NULL,NULL,NULL,NULL,NULL,NULL,NULL,NULL,2,52,NULL),
 ('WGR',1,0,'Wickgras',NULL,NULL,NULL,NULL,0.0,0.0,0.0,0.0,0.0,0.0,NULL,50.0,50.0,0.0,NULL,NULL,0,1,3,1.0,0.0,0.0,0.0,NULL,NULL,NULL,NULL,NULL,NULL,NULL,NULL,3,43,NULL),
 ('KGR',1,0,'* TRIAL ',NULL,0.18,0.18,0.0,0.0,0.0,0.0,0.0,0.0,0.0,230.0,50.0,50.0,0.0,NULL,NULL,2,3,3,1.0,0.0,0.0,0.0,NULL,'* TRIAL * TRIAL * TRIAL * TRIAL * TRIAL * TRIA',3.0,0.0,0.35,0.0,2.6,0.0,4,49,NULL),
 ('KLE',1,0,'Klee',NULL,0.18,0.18,0.0,0.0,0.0,0.0,0.0,0.0,0.0,130.0,50.0,50.0,0.0,NULL,NULL,2,3,3,1.0,0.0,0.0,0.0,NULL,'N2 Fixierung nach Wedekind; ist noch zu prüfen',3.3,0.0,0.35,0.0,2.8,0.0,5,58,NULL),
 ('RKG',1,0,'Rotkleegras',NULL,NULL,NULL,NULL,0.0,0.0,0.0,0.0,0.0,0.0,NULL,NULL,NULL,NULL,NULL,NULL,0,3,3,1.0,0.0,0.0,0.0,NULL,NULL,NULL,NULL,NULL,NULL,NULL,NULL,6,59,NULL),
 ('RKL',1,0,'Rotklee',NULL,NULL,NULL,NULL,0.0,0.0,0.0,0.0,0.0,0.0,NULL,NULL,NULL,NULL,NULL,NULL,0,3,3,1.0,0.0,0.0,0.0,NULL,NULL,NULL,NULL,NULL,NULL,NULL,NULL,7,60,NULL),
 ('LGR',1,0,'Luzernegras',NULL,NULL,NULL,NULL,0.0,0.0,0.0,0.0,0.0,0.0,NULL,NULL,NULL,NULL,NULL,NULL,0,3,3,1.0,0.0,0.0,0.0,NULL,NULL,NULL,NULL,NULL,NULL,NULL,NULL,8,61,NULL),
 ('LZG',1,1,'Leg-Gras Grünfutter',1.0,0.25,0.0,0.0,3.1,0.0,0.76,0.0,3.01,0.0,220.0,50.0,0.0,1.0,1.0,NULL,2,3,3,1.0,0.0,0.0,0.0,NULL,'TM nach Meyer-Aurich',3.0,0.0,0.35,0.0,2.8,0.0,9,25,1),
 ('LZS',1,1,'* TRIAL * TRIAL',1.0,0.44,0.0,0.0,2.85,0.0,0.76,0.0,3.01,0.0,220.0,50.0,0.0,1.0,0.85,NULL,2,1,3,1.0,0.0,0.0,0.0,NULL,'TM nach Meyer-Aurich',3.0,0.0,0.35,0.0,2.8,0.0,10,27,1),
 ('LUP',1,0,'Lupinen',NULL,0.86,0.86,1.8,0.0,0.0,0.0,0.0,0.0,0.0,140.0,60.0,0.0,0.0,NULL,NULL,1,2,3,1.2,0.0,0.0,0.0,NULL,'TM nach Dr. Roth',6.0,1.4,0.5,0.1,0.9,1.1,11,55,NULL),
 ('WIC',1,0,'Wicken',NULL,NULL,NULL,NULL,0.0,0.0,0.0,0.0,0.0,0.0,NULL,NULL,NULL,NULL,NULL,NULL,0,2,3,1.0,0.0,0.0,0.0,NULL,NULL,NULL,NULL,NULL,NULL,NULL,NULL,12,62,NULL),
 ('FHA',1,0,'Futterhackfrüchte',NULL,NULL,NULL,NULL,0.0,0.0,0.0,0.0,0.0,0.0,NULL,NULL,NULL,NULL,NULL,NULL,1,3,3,1.0,0.0,0.0,0.0,NULL,NULL,NULL,NULL,NULL,NULL,NULL,NULL,13,63,NULL),
 ('FRU',1,0,'Futterrüben',NULL,0.15,0.15,0.3,0.0,0.0,0.0,0.0,0.0,0.0,0.0,0.0,0.0,1.0,NULL,NULL,1,3,3,1.1,0.0,0.0,0.0,NULL,'TM nach Dr. Roth',1.6,2.5,0.25,0.3,3.2,4.3,14,11,NULL),
 ('FKA',1,0,'* TRIAL * TRIAL ',NULL,NULL,NULL,NULL,0.0,0.0,0.0,0.0,0.0,0.0,NULL,NULL,NULL,NULL,NULL,NULL,1,3,3,1.0,0.0,0.0,0.0,NULL,NULL,NULL,NULL,NULL,NULL,NULL,NULL,15,64,NULL),
 ('GLU',2,1,'Lupinen',120.0,0.86,0.86,1.5,4.36,0.56,1.2,0.16,1.12,2.38,140.0,60.0,0.0,0.0,1.0,NULL,1,2,3,1.1,0.6,0.6,0.3,1.27,'TM nach Dr. Roth',6.3,1.4,0.75,0.1,0.9,1.1,16,19,120),
 ('BGE',2,0,'Sommergerste Brau',NULL,0.86,0.86,1.1,0.0,0.0,0.0,0.0,0.0,0.0,0.0,0.0,0.0,1.0,1.0,NULL,1,1,3,1.0,0.5,0.6,0.0,NULL,'Daten nach Meyer-Aurich, bezogen auf TM',1.62,0.6,0.4,0.1,0.6,1.4,17,35,NULL),
 ('FER',2,1,'* TRIAL * TR',200.0,0.86,0.86,1.4,4.07,1.5,1.07,0.35,0.27,3.02,75.0,50.0,0.0,0.0,1.0,NULL,1,1,3,1.1,0.6,0.6,0.3,1.27,'Hans Bachinger Febr.99',3.83720930232558,1.9,0.523255813953488,0.15,1.04651162790698,1.3,18,18,200),
 ('SGF',2,0,'* TRIAL * TRIAL * T',NULL,0.86,0.86,1.1,0.0,0.581395348837209,0.0,0.0,0.0,0.0,0.0,0.0,0.0,1.0,1.0,NULL,1,1,3,1.0,0.5,0.6,0.2,NULL,NULL,1.8,0.6,0.4,0.1,0.6,1.4,19,41,NULL),
 ('FLE',2,0,'* TRIAL *',NULL,0.0,0.0,5.0,0.0,0.0,0.0,0.0,0.0,0.0,NULL,NULL,0.0,0.0,NULL,NULL,1,2,3,1.0,0.6,0.6,0.0,NULL,NULL,NULL,NULL,NULL,NULL,NULL,NULL,20,37,NULL),
 ('BRA',1,1,'Brache',NULL,0.1,0.1,0.0,0.0,0.0,0.0,0.0,0.0,0.0,0.0,0.0,10.0,0.0,NULL,NULL,1,3,3,1.0,0.0,0.0,0.0,NULL,NULL,0.0,0.0,0.0,0.0,0.0,0.0,21,47,NULL),
 ('STI',1,1,'Stillegung',NULL,0.1,0.1,0.0,0.0,0.0,0.0,0.0,0.0,0.0,0.0,0.0,10.0,0.0,NULL,NULL,1,3,3,1.0,0.0,0.0,0.0,NULL,'* TRIAL * TRI',0.0,0.0,0.0,0.0,0.0,0.0,22,65,NULL),
 ('GDU',1,0,'Gründüngung',NULL,NULL,NULL,NULL,0.0,0.0,0.0,0.0,0.0,0.0,NULL,NULL,NULL,NULL,NULL,NULL,1,3,3,1.0,0.0,0.0,0.0,NULL,NULL,NULL,NULL,NULL,NULL,NULL,NULL,23,66,NULL),
 ('SGF',1,0,'* TRIAL * TRIAL * T',NULL,0.86,0.86,1.1,0.0,0.581395348837209,0.0,0.0,0.0,0.0,0.0,0.0,0.0,1.0,NULL,NULL,1,1,3,1.0,0.0,0.0,0.0,NULL,NULL,1.8,0.6,0.4,0.1,0.6,1.4,24,41,NULL),
 ('BGE',1,0,'Sommergerste Brau',NULL,0.86,0.86,1.1,0.0,0.0,0.0,0.0,0.0,0.0,0.0,0.0,0.0,1.0,NULL,NULL,1,1,3,1.0,0.0,0.0,0.0,NULL,'Daten nach Meyer-Aurich, bezogen auf TM',1.62,0.6,0.4,0.1,0.6,1.4,25,35,NULL),
 ('GTG',1,0,'Getreidegemenge',NULL,NULL,NULL,NULL,0.0,0.0,0.0,0.0,0.0,0.0,NULL,NULL,NULL,NULL,NULL,NULL,2,2,3,1.0,0.0,0.0,0.0,NULL,NULL,NULL,NULL,NULL,NULL,NULL,NULL,26,67,NULL),
 ('SWE',1,1,'* TRIAL * TR',NULL,0.86,0.86,1.0,2.44,0.581395348837209,0.93,0.348837209302326,0.697674418604651,1.53,0.0,0.0,0.0,0.0,NULL,NULL,1,2,3,1.0,0.0,0.0,0.0,NULL,NULL,2.4,0.6,0.4,0.1,0.5,1.2,27,6,NULL),
 ('WWE',1,1,'Winterweizen',NULL,0.86,0.86,0.8,2.44186046511628,0.581395348837209,0.930232558139535,0.348837209302326,0.697674418604651,1.53488372093023,0.0,0.0,10.0,0.0,NULL,NULL,0,2,3,1.0,0.0,0.0,0.0,NULL,'TM ? Sachsen-Anhalt',2.3,0.58,0.4,0.1,0.5,1.0,28,10,NULL),
 ('DIN',1,0,'Dinkel',NULL,NULL,NULL,NULL,0.0,0.0,0.0,0.0,0.0,0.0,NULL,NULL,NULL,NULL,NULL,NULL,0,2,2,1.0,0.0,0.0,0.0,NULL,NULL,NULL,NULL,NULL,NULL,NULL,NULL,29,1,NULL),
 ('SGE',1,1,'Sommergerste',NULL,0.86,0.86,1.0,1.62790697674419,0.581395348837209,0.930232558139535,0.348837209302326,0.697674418604651,1.94186046511628,0.0,0.0,0.0,1.0,NULL,NULL,1,1,3,1.0,0.0,0.0,0.0,NULL,'wie SGF',1.8,0.6,0.4,0.1,0.6,1.4,30,4,NULL),
 ('WGE',1,1,'* TRIAL * TR',NULL,0.86,0.86,0.7,1.97674418604651,0.581395348837209,0.930232558139535,0.348837209302326,0.697674418604651,1.97674418604651,0.0,0.0,30.0,0.0,NULL,NULL,0,1,2,1.0,0.0,0.0,0.0,NULL,'TM ? Sachsen-Anhalt',1.98,0.58,0.4,0.1,0.5,1.4,31,8,NULL),
 ('WRO',1,1,'Winterroggen',NULL,0.86,0.86,0.8,1.74418604651163,0.581395348837209,0.930232558139535,0.348837209302326,0.697674418604651,1.3953488372093,0.0,0.0,20.0,0.0,NULL,NULL,0,2,3,1.0,0.0,0.0,0.0,NULL,'TM ? Sachsen-Anhalt',1.74,0.58,0.4,0.1,0.5,1.0,32,9,NULL),
 ('TRI',1,1,'* TRIAL *',NULL,0.86,0.86,0.9,2.09302325581395,0.581395348837209,0.930232558139535,0.348837209302326,0.697674418604651,1.94186046511628,0.0,0.0,30.0,0.0,NULL,NULL,0,2,3,1.0,0.0,0.0,0.0,NULL,'TM ? Sachsen-Anhalt',2.09,0.58,0.4,0.1,0.5,1.0,33,7,NULL),
 ('HAF',1,1,'Hafer',NULL,0.86,0.86,1.2,1.74418604651163,0.465116279069767,0.930232558139535,0.348837209302326,0.697674418604651,1.97674418604651,0.0,0.0,0.0,1.0,NULL,NULL,1,2,3,1.0,0.0,0.0,0.0,NULL,NULL,2.1,0.6,0.4,0.1,0.5,2.2,34,2,NULL),
 ('KMA',1,1,'* TRIAL * ',30.0,0.86,0.86,1.3,0.0,0.0,0.0,0.0,0.0,0.0,0.0,0.0,0.0,0.0,NULL,NULL,1,3,3,1.0,0.0,0.0,0.0,NULL,NULL,2.0,1.2,0.4,0.3,0.4,1.1,35,3,NULL),
 ('SBL',1,1,'* TRIAL * TR',NULL,0.91,0.91,2.0,3.07692307692308,1.64835164835165,1.75824175824176,1.0,2.64835164835165,5.49450549450549,0.0,0.0,0.0,0.0,NULL,NULL,1,3,3,1.0,0.0,0.0,0.0,NULL,'nNP nach Meyer-Aurich',3.1,1.6,0.7,0.0,0.9,0.0,36,39,NULL),
 ('SKA',1,1,'Speisekartoffeln',NULL,0.23,0.23,0.4,1.52173913043478,0.869565217391304,0.608695652173913,0.217391304347826,2.60869565217391,1.56521739130435,0.0,0.0,0.0,0.0,NULL,NULL,1,2,3,1.0,0.0,0.0,0.0,NULL,'nNP nach Meyer-Aurich',1.6,1.7,0.25,0.65,2.1,2.6,37,12,NULL),
 ('IKA',1,0,'Industriekartoffeln',NULL,NULL,NULL,NULL,0.0,0.0,0.0,0.0,0.0,0.0,NULL,NULL,NULL,NULL,NULL,NULL,1,3,3,1.0,0.0,0.0,0.0,NULL,NULL,NULL,NULL,NULL,NULL,NULL,NULL,38,68,NULL),
 ('PKA',1,0,'Pflanzkartoffeln',NULL,NULL,NULL,NULL,0.0,0.0,0.0,0.0,0.0,0.0,NULL,NULL,NULL,NULL,NULL,NULL,1,2,3,1.0,0.0,0.0,0.0,NULL,NULL,NULL,NULL,NULL,NULL,NULL,NULL,39,69,NULL),
 ('ZRU',1,1,'Zuckerrüben',NULL,0.24,0.15,0.7,0.782608695652174,2.5,0.391304347826087,0.6875,1.08695652173913,4.4375,0.0,0.0,0.0,1.0,NULL,NULL,1,3,3,1.0,0.0,0.0,0.0,NULL,'TM ? Sachsen-Anhalt',0.78,2.5,0.17,0.31,0.91,3.69,40,15,NULL),
 ('SRA',1,0,'Sommerraps',NULL,0.9,0.9,2.0,0.0,0.0,0.0,0.0,0.0,0.0,0.0,0.0,0.0,0.0,NULL,NULL,1,2,3,1.0,0.0,0.0,0.0,NULL,NULL,3.6,0.9,0.8,0.14,0.9,1.2,41,42,NULL),
 ('WRA',1,1,'Winterraps',NULL,0.91,0.91,1.7,3.62637362637363,0.604395604395604,2.01098901098901,0.32967032967033,1.0989010989011,2.1978021978022,0.0,0.0,50.0,1.0,NULL,NULL,0,2,2,1.2,0.0,0.0,0.0,NULL,NULL,3.6,0.9,0.8,0.14,0.9,1.2,42,33,NULL),
 ('SEN',1,0,'Senf',NULL,NULL,NULL,NULL,0.0,0.0,0.0,0.0,0.0,0.0,NULL,0.0,50.0,0.0,NULL,NULL,1,1,3,1.0,0.0,0.0,0.0,NULL,NULL,NULL,NULL,NULL,NULL,NULL,NULL,43,40,NULL),
 ('LEI',1,0,'Lein',NULL,NULL,NULL,NULL,0.0,0.0,0.0,0.0,0.0,0.0,NULL,NULL,NULL,NULL,NULL,NULL,1,2,3,1.0,0.0,0.0,0.0,NULL,NULL,NULL,NULL,NULL,NULL,NULL,NULL,44,70,NULL),
 ('OLE',1,1,'Öllein',NULL,0.91,0.91,1.5,3.85,0.582417582417582,1.30769230769231,0.21978021978022,1.0989010989011,1.53846153846154,0.0,0.0,0.0,0.0,NULL,NULL,1,2,3,1.0,0.0,0.0,0.0,NULL,'Sachsen-Anhalt 95 /,9',3.89,0.59,0.59,0.1,0.92,1.29,45,38,NULL),
 ('FLE',1,0,'Faserlein',NULL,0.0,0.0,5.0,0.0,0.0,0.0,0.0,0.0,0.0,NULL,NULL,0.0,0.0,NULL,NULL,1,2,3,1.0,0.0,0.0,0.0,NULL,NULL,NULL,NULL,NULL,NULL,NULL,NULL,46,37,NULL),
 ('GRO',2,0,'* TRIAL * ',NULL,NULL,NULL,NULL,0.0,0.0,0.0,0.0,0.0,0.0,NULL,NULL,40.0,0.0,NULL,NULL,0,1,1,1.0,0.0,0.0,0.0,NULL,NULL,NULL,NULL,NULL,NULL,NULL,NULL,47,48,NULL),
 ('HAF',2,1,'Hafer',130.0,0.86,0.86,1.1,1.74,0.35,0.93,0.27,0.56,0.98,0.0,0.0,0.0,1.0,1.0,0.7,1,2,3,1.0,0.6,0.6,0.2,1.33,'* TRIAL * TRIAL * TRIA',1.74418604651163,0.348837209302326,0.406976744186047,0.1,0.465116279069767,0.813953488372093,48,2,130),
 ('KGR',2,0,'Kleegras',NULL,0.18,0.18,0.0,0.0,0.0,0.0,0.0,0.0,0.0,230.0,50.0,50.0,0.0,1.0,NULL,2,3,3,1.0,0.0,0.0,0.0,NULL,'N2 Fixierung nach Wedekind; ist noch zu prüfen',3.0,0.0,0.35,0.0,2.6,0.0,49,49,NULL),
 ('KLG',2,0,'Kleegras Grünfutter',NULL,0.2,0.2,0.0,0.0,0.0,0.0,0.0,0.0,0.0,130.0,50.0,50.0,0.0,1.0,NULL,1,3,3,1.0,0.0,0.5,0.0,NULL,'* TRIAL * TRIAL * TRIAL * TRIAL * TRIAL * TRIA',3.3,0.0,0.35,0.0,2.8,0.0,50,50,NULL),
 ('KLS',2,0,'Kleegras Silage',NULL,0.35,0.3,0.0,0.0,0.0,0.0,0.0,0.0,0.0,130.0,50.0,50.0,0.0,0.85,NULL,1,3,3,1.0,0.0,0.5,0.0,NULL,'* TRIAL * TRIAL * TRIAL * TRIAL * TRIAL * TRIA',3.3,0.0,0.35,0.0,2.8,0.0,51,51,NULL),
 ('KMA',2,1,'Körnermais',30.0,0.86,0.86,1.3,1.49,0.906976744186047,0.383720930232558,0.104651162790698,0.465116279069767,1.91860465116279,0.0,0.0,0.0,0.0,1.0,NULL,1,3,3,1.4,0.6,0.6,0.2,NULL,'Fauszahlen Öko 2015',2.0,1.2,0.4,0.3,0.4,1.1,52,3,1),
 ('KNG',2,0,'* TRIAL *',NULL,NULL,NULL,NULL,0.0,0.0,0.0,0.0,0.0,0.0,NULL,NULL,50.0,0.0,NULL,NULL,2,1,3,1.0,0.0,0.0,0.0,NULL,NULL,NULL,NULL,NULL,NULL,NULL,NULL,53,52,NULL),
 ('LU1',2,0,'* TRIAL * TRIAL * TRIAL * TRIAL * TRI',NULL,0.25,0.2,0.0,0.0,0.0,0.0,0.0,0.0,0.0,220.0,50.0,0.0,1.0,1.0,NULL,0,3,3,1.0,0.0,0.0,0.0,NULL,'TM nach Meyer-Aurich',3.0,0.0,0.35,0.0,2.8,0.0,54,53,NULL),
 ('LU2',2,0,'* TRIAL * TRIAL * TRIAL * TRIAL * TRI',NULL,0.25,0.2,0.0,0.0,0.0,0.0,0.0,0.0,0.0,220.0,50.0,0.0,1.0,1.0,NULL,0,3,3,1.0,0.0,0.0,0.0,NULL,'* TRIAL * TRIAL * TR',3.0,0.0,0.35,0.0,2.8,0.0,55,54,NULL),
 ('LUP',2,0,'Lupinen',NULL,0.86,0.86,1.8,0.0,0.0,0.0,0.0,0.0,0.0,140.0,60.0,0.0,0.0,1.0,NULL,1,2,3,1.1,0.3,0.3,0.0,NULL,'Hans Bachinger Febr.99',6.27906976744186,1.4,0.813953488372093,0.1,1.16279069767442,1.1,56,55,NULL),
 ('LZG',2,1,'* TRIAL * TRIAL * T',1.0,0.25,0.0,0.0,3.1,0.0,0.76,0.0,3.01,0.0,220.0,50.0,0.0,1.0,1.0,NULL,2,1,3,1.0,0.0,0.0,0.0,1.2,'* TRIAL * TRIAL * TR',3.0,0.0,0.35,0.0,2.8,0.0,57,25,1),
 ('LZS',2,1,'LegGras Heu_Silage_Silage',1.0,0.44,0.0,0.0,2.85,0.0,0.76,0.0,3.01,0.0,220.0,50.0,0.0,1.0,0.8,NULL,2,1,3,1.0,0.0,0.0,0.0,1.2,'TM nach Meyer-Aurich',3.0,0.0,0.35,0.0,2.8,0.0,58,27,1),
 ('OLE',2,1,'Öllein',NULL,0.91,0.91,1.5,3.63,0.582417582417582,0.88,0.22,0.79,1.54,0.0,0.0,0.0,0.0,1.0,NULL,1,2,3,1.0,0.5,0.6,0.0,NULL,'* TRIAL * TRIAL * TRI',3.89,0.59,0.59,0.1,0.92,1.29,59,38,NULL),
 ('SBL',2,1,'Sonnenblumen',NULL,0.91,0.91,2.0,2.64,1.64835164835165,1.51,1.0,2.25,5.49,0.0,0.0,0.0,0.0,NULL,NULL,1,3,3,1.2,0.5,0.6,0.2,NULL,'nNP nach Meyer-Aurich',3.1,1.6,0.7,0.0,0.9,0.0,60,39,1),
 ('SEN',2,0,'Senf',NULL,NULL,NULL,NULL,0.0,0.0,0.0,0.0,0.0,0.0,NULL,0.0,50.0,0.0,NULL,NULL,1,1,3,1.0,0.0,0.0,0.0,NULL,NULL,NULL,NULL,NULL,NULL,NULL,NULL,61,40,NULL),
 ('SGE',2,1,'Sommergerste',130.0,0.86,0.86,1.1,1.63,0.35,0.93,0.27,0.56,0.98,0.0,0.0,0.0,1.0,1.0,0.0,1,1,3,1.0,0.5,0.6,0.3,1.3,'* TRIAL * TRIAL * TRIA',1.74418604651163,0.348837209302326,0.406976744186047,0.1,0.465116279069767,0.813953488372093,62,4,130),
 ('PF1',4,0,'* TRIAL ',NULL,0.0,0.0,0.0,0.0,0.0,0.0,0.0,0.0,0.0,0.0,0.0,0.0,0.0,NULL,NULL,2,3,3,1.0,0.0,0.0,0.0,NULL,NULL,0.0,0.0,0.0,0.0,0.0,0.0,63,71,NULL),
 ('RIE',4,0,'Großseggenrieder, Landröhrichte',NULL,0.0,0.0,0.0,0.0,0.0,0.0,0.0,0.0,0.0,0.0,0.0,0.0,0.0,NULL,NULL,0,3,3,1.0,0.0,0.0,0.0,NULL,NULL,0.0,0.0,0.0,0.0,0.0,0.0,64,72,NULL),
 ('TRR',4,0,'Trockenrasen',NULL,0.0,0.0,0.0,0.0,0.0,0.0,0.0,0.0,0.0,0.0,0.0,0.0,0.0,NULL,NULL,0,3,3,1.0,0.0,0.0,0.0,NULL,NULL,0.0,0.0,0.0,0.0,0.0,0.0,65,73,NULL),
 ('RNW',1,0,'Rübennachweide',NULL,0.23,0.18,0.8,0.0,0.0,0.0,0.0,0.0,0.0,0.0,0.0,0.0,1.0,NULL,NULL,1,3,3,1.0,0.0,0.0,0.0,NULL,'TM des Nebenprodukts geringer!',0.8,2.3,0.15,0.25,1.0,3.4,66,74,NULL),
 ('GAW',1,0,'Getreideauswuchs',NULL,0.86,0.17,0.0,0.0,0.0,0.0,0.0,0.0,0.0,130.0,50.0,50.0,0.0,NULL,NULL,1,3,3,1.0,0.0,0.0,0.0,NULL,'* TRIAL * TRI',3.3,0.0,0.35,0.0,2.8,0.0,67,75,NULL),
 ('LKG',2,1,'Leguminosengras Grünfutter',1.0,0.25,0.0,0.0,3.1,0.0,0.76,0.0,3.01,0.0,220.0,50.0,0.0,1.0,1.0,NULL,2,3,3,1.0,0.0,0.5,0.0,1.0,'Hans Bachinger Febr.99',3.1,0.0,0.3,0.0,2.8,0.0,68,45,1),
 ('LKS',2,1,'* TRIAL * TRIAL * TRIAL * ',1.0,0.35,0.0,0.0,2.92,0.0,0.76,0.0,3.01,0.0,220.0,50.0,0.0,1.0,0.85,NULL,2,3,3,1.0,0.0,0.5,0.0,NULL,'* TRIAL * TRIAL * TR',2.92,0.0,0.35,0.0,2.8,0.0,69,22,1),
 ('LKH',2,1,'* TRIAL * TRIAL * T',1.0,0.85,0.0,0.0,2.56,0.0,0.76,0.0,3.01,0.0,220.0,50.0,0.0,1.0,0.65,NULL,2,3,3,1.0,0.0,0.5,0.0,1.0,'TM nach Meyer-Aurich',2.56,0.0,0.35,0.0,2.8,0.0,70,46,1),
 ('ABO',1,1,'Ackerbohnen',NULL,0.86,0.86,1.4,4.76744186046512,0.87,1.38,0.17,1.63,1.51,75.0,50.0,0.0,0.0,NULL,NULL,1,2,3,1.3,0.3,0.3,0.3,NULL,'* TRIAL * TRIAL * TRIAL * TRIAL * TRIAL * TRIAL * T',4.5,1.9,0.5,0.15,1.2,1.3,71,17,NULL),
 ('ABO',2,1,'Ackerbohnen',250.0,0.86,0.86,1.4,4.3,0.87,1.2,0.17,1.26,1.51,75.0,50.0,0.0,0.0,1.0,NULL,1,2,3,1.1,0.6,0.6,0.3,NULL,'Hans Bachinger Febr.99',3.83720930232558,1.9,0.523255813953488,0.15,1.04651162790698,1.3,72,17,250),
 ('GRH',1,0,'Futtergräser, Heu',NULL,0.86,0.0,0.0,0.0,0.0,0.0,0.0,0.0,0.0,0.0,0.0,0.0,0.0,NULL,NULL,2,3,3,1.0,0.0,0.0,0.0,NULL,'* TRIAL * TRIAL * TRIAL * TRIAL * TRIAL * TRIAL *',1.92,0.0,0.26,0.0,2.16,0.0,73,76,NULL),
 ('GRS',1,0,'Futtergräser, Silage',NULL,0.35,0.0,0.0,0.0,0.0,0.0,0.0,0.0,0.0,0.0,0.0,0.0,0.0,NULL,NULL,2,3,3,1.0,0.0,0.0,0.0,NULL,'Wert vom Kleegras müssen noch überarbeitet werden',1.92,0.0,0.26,0.0,2.16,0.0,74,77,NULL),
 ('BRA',2,1,'Brache',NULL,0.1,0.1,0.0,0.0,0.0,0.0,0.0,0.0,0.0,0.0,0.0,10.0,0.0,1.0,NULL,1,3,3,1.0,0.0,0.0,0.0,NULL,NULL,0.0,0.0,0.0,0.0,0.0,0.0,75,47,NULL),
 ('ST0',2,1,'* TRIAL * TRIAL * TRIAL * TRIAL *',20.0,0.25,0.2,0.0,2.7,0.0,0.8,0.0,3.01,0.0,0.0,0.0,10.0,0.0,1.0,NULL,1,3,3,1.0,0.6,0.5,0.0,NULL,'SLE oder STI?',3.1,0.0,0.3,0.0,2.8,0.0,76,31,20),
 ('ST1',2,1,'Stillegung mit Fleg im 1. Hauptnutz.Jahr',0.0,0.25,0.2,0.0,2.7,0.0,0.8,0.0,3.01,0.0,0.0,0.0,10.0,0.0,1.0,NULL,1,1,3,1.0,0.0,0.5,0.0,NULL,'* TRIAL * TRIAL * TRIAL * TRIAL * TRIAL * TRIAL * TRIAL * TRIAL * TRIAL * TRI',3.1,0.0,0.3,0.0,2.8,0.0,77,32,0),
 ('ST2',2,0,'* TRIAL * TRIAL * TRIAL * TRIAL * TRIAL ',0.0,0.25,0.2,0.0,2.7,0.0,0.8,0.0,3.01,0.0,0.0,0.0,10.0,0.0,1.0,NULL,1,1,3,1.0,0.0,0.5,0.0,NULL,'SLE oder STI?',3.1,0.0,0.3,0.0,2.8,0.0,78,78,0),
 ('LKU',2,0,'Leguminosengras Untersaat',NULL,0.25,0.2,0.0,3.1,0.0,0.76,0.0,3.01,0.0,220.0,50.0,0.0,1.0,1.0,NULL,0,3,3,1.0,0.0,0.5,0.0,1.0,'* TRIAL * TRIAL * TRIA',3.1,0.0,0.3,0.0,2.8,0.0,79,34,NULL),
 ('FHU',1,0,'Futterhülsenfrüchte',NULL,NULL,NULL,NULL,0.0,0.0,0.0,0.0,0.0,0.0,NULL,NULL,NULL,NULL,NULL,NULL,1,3,3,1.0,0.0,0.0,0.0,NULL,NULL,NULL,NULL,NULL,NULL,NULL,NULL,80,79,NULL),
 ('HFG',1,0,'Hülsenfruchtgemenge',NULL,NULL,NULL,NULL,0.0,0.0,0.0,0.0,0.0,0.0,NULL,NULL,NULL,NULL,NULL,NULL,1,2,3,1.0,0.0,0.0,0.0,NULL,NULL,NULL,NULL,NULL,NULL,NULL,NULL,81,80,NULL),
 ('BLU',1,0,'Blaulupinen',NULL,NULL,NULL,NULL,0.0,0.0,0.0,0.0,0.0,0.0,NULL,NULL,NULL,NULL,NULL,NULL,1,2,3,1.0,0.3,0.3,0.3,NULL,NULL,NULL,NULL,NULL,NULL,NULL,NULL,82,81,NULL),
 ('GLU',1,1,'Lupinen',NULL,0.86,0.86,1.5,5.81395348837209,0.558139534883721,1.65116279069767,0.162790697674419,1.62790697674419,2.38372093023256,140.0,60.0,0.0,0.0,NULL,NULL,1,2,3,1.2,0.0,0.0,0.0,NULL,'* TRIAL * TRIAL ',7.0,1.4,0.75,0.1,0.9,1.1,83,19,NULL),
 ('WLU',1,0,'Weißlupinen',NULL,0.86,0.86,1.8,0.0,0.0,0.0,0.0,0.0,0.0,140.0,60.0,0.0,0.0,NULL,NULL,1,2,3,1.1,0.0,0.0,0.0,NULL,'wie Lupinen',6.0,1.4,0.5,0.1,0.9,1.1,84,44,NULL),
 ('KLG',1,0,'* TRIAL * TRIAL * T',NULL,0.2,0.2,0.0,0.0,0.0,0.0,0.0,0.0,0.0,130.0,50.0,50.0,0.0,NULL,NULL,1,3,3,1.0,0.0,0.0,0.0,NULL,'N2 Fixierung nach Wedekind; ist noch zu prüfen',3.3,0.0,0.35,0.0,2.8,0.0,85,50,NULL),
 ('KLS',1,0,'Kleegras Silage',NULL,0.35,0.3,0.0,0.0,0.0,0.0,0.0,0.0,0.0,130.0,50.0,50.0,0.0,NULL,NULL,1,3,3,1.0,0.0,0.0,0.0,NULL,'N2 Fixierung nach Wedekind; ist noch zu prüfen',3.3,0.0,0.35,0.0,2.8,0.0,86,51,NULL),
 ('LU1',1,0,'Luzerne Grünfutter 1.Jahr nach Ansaat',NULL,0.25,0.2,0.0,0.0,0.0,0.0,0.0,0.0,0.0,220.0,50.0,0.0,1.0,NULL,NULL,0,3,3,1.0,0.0,0.0,0.0,NULL,'TM nach Meyer-Aurich',3.0,0.0,0.35,0.0,2.8,0.0,87,53,NULL),
 ('LU2',1,0,'* TRIAL * TRIAL * TRIAL * TRIAL * TRI',NULL,0.25,0.2,0.0,0.0,0.0,0.0,0.0,0.0,0.0,220.0,50.0,0.0,1.0,NULL,NULL,0,3,3,1.0,0.0,0.0,0.0,NULL,'TM nach Meyer-Aurich',3.0,0.0,0.35,0.0,2.8,0.0,88,54,NULL),
 ('SGU',1,0,'Salatgurken',NULL,NULL,NULL,NULL,0.0,0.0,0.0,0.0,0.0,0.0,NULL,NULL,NULL,NULL,NULL,NULL,1,1,3,1.0,0.0,0.0,0.0,NULL,NULL,NULL,NULL,NULL,NULL,NULL,NULL,89,82,NULL),
 ('GUR',1,0,'Gurken',NULL,NULL,NULL,NULL,0.0,0.0,0.0,0.0,0.0,0.0,NULL,NULL,NULL,NULL,NULL,NULL,1,3,3,1.0,0.0,0.0,0.0,NULL,NULL,NULL,NULL,NULL,NULL,NULL,NULL,90,83,NULL),
 ('TAB',1,0,'Tabak',NULL,NULL,NULL,NULL,0.0,0.0,0.0,0.0,0.0,0.0,NULL,NULL,NULL,NULL,NULL,NULL,1,3,3,1.0,0.0,0.0,0.0,NULL,NULL,NULL,NULL,NULL,NULL,NULL,NULL,91,84,NULL),
 ('GLA',1,0,'Grünland allgem.',NULL,NULL,NULL,NULL,0.0,0.0,0.0,0.0,0.0,0.0,NULL,NULL,NULL,NULL,NULL,NULL,1,3,3,1.0,0.0,0.0,0.0,NULL,NULL,NULL,NULL,NULL,NULL,NULL,NULL,92,85,NULL),
 ('HUT',1,0,'* TRIAL ',NULL,NULL,NULL,NULL,0.0,0.0,0.0,0.0,0.0,0.0,NULL,NULL,NULL,NULL,NULL,NULL,2,3,3,1.0,0.0,0.0,0.0,NULL,NULL,NULL,NULL,NULL,NULL,NULL,NULL,93,86,NULL),
 ('GHE',1,0,'* TRIAL * TR',NULL,NULL,NULL,NULL,0.0,0.0,0.0,0.0,0.0,0.0,NULL,NULL,NULL,NULL,NULL,NULL,1,3,3,1.0,0.0,0.0,0.0,NULL,NULL,NULL,NULL,NULL,NULL,NULL,NULL,94,87,NULL),
 ('GWS',1,0,'Grünland Welksilage',NULL,NULL,NULL,NULL,0.0,0.0,0.0,0.0,0.0,0.0,NULL,NULL,NULL,NULL,NULL,NULL,2,3,3,1.0,0.0,0.0,0.0,NULL,NULL,NULL,NULL,NULL,NULL,NULL,NULL,95,88,NULL),
 ('GSW',1,0,'* TRIAL * TRIAL * T',NULL,NULL,NULL,NULL,0.0,0.0,0.0,0.0,0.0,0.0,NULL,NULL,NULL,NULL,NULL,NULL,2,3,3,1.0,0.0,0.0,0.0,NULL,NULL,NULL,NULL,NULL,NULL,NULL,NULL,96,89,NULL),
 ('GWU',1,0,'* TRIAL * TRIAL * TRIA',NULL,NULL,NULL,NULL,0.0,0.0,0.0,0.0,0.0,0.0,NULL,NULL,NULL,NULL,NULL,NULL,2,3,3,1.0,0.0,0.0,0.0,NULL,NULL,NULL,NULL,NULL,NULL,NULL,NULL,97,90,NULL),
 ('GGF',1,0,'* TRIAL * TRIAL * TRI',NULL,NULL,NULL,NULL,0.0,0.0,0.0,0.0,0.0,0.0,NULL,NULL,NULL,NULL,NULL,NULL,1,3,3,1.0,0.0,0.0,0.0,NULL,NULL,NULL,NULL,NULL,NULL,NULL,NULL,98,91,NULL),
 ('GGE',1,0,'Grüngetreide',NULL,NULL,NULL,NULL,0.0,0.0,0.0,0.0,0.0,0.0,NULL,NULL,NULL,NULL,NULL,NULL,2,1,2,1.0,0.0,0.0,0.0,NULL,NULL,NULL,NULL,NULL,NULL,NULL,NULL,99,92,NULL),
 ('GHA',1,0,'* TRIAL *',NULL,NULL,NULL,NULL,0.0,0.0,0.0,0.0,0.0,0.0,NULL,NULL,NULL,NULL,NULL,NULL,1,1,3,1.0,0.0,0.0,0.0,NULL,NULL,NULL,NULL,NULL,NULL,NULL,NULL,100,93,NULL),
 ('GRO',1,0,'* TRIAL * ',NULL,NULL,NULL,NULL,0.0,0.0,0.0,0.0,0.0,0.0,NULL,NULL,40.0,0.0,NULL,NULL,0,1,3,1.0,0.0,0.0,0.0,NULL,NULL,NULL,NULL,NULL,NULL,NULL,NULL,101,48,NULL),
 ('GMA',1,0,'Grünmais',NULL,NULL,NULL,NULL,0.0,0.0,0.0,0.0,0.0,0.0,NULL,NULL,NULL,NULL,NULL,NULL,NULL,2,3,1.0,0.0,0.0,0.0,NULL,NULL,NULL,NULL,NULL,NULL,NULL,NULL,102,94,NULL),
 ('SMA',1,1,'* TRIAL ',30.0,0.35,0.35,0.0,1.35714285714286,0.0,0.571428571428571,0.0,1.60714285714286,0.0,0.0,0.0,0.0,0.0,NULL,NULL,1,3,3,1.3,0.6,0.6,0.2,NULL,'MELF 97',1.2,0.0,0.2,0.0,1.2,0.0,103,5,1),
 ('CCM',1,0,'Corn-Cob-Mix',NULL,NULL,NULL,NULL,0.0,0.0,0.0,0.0,0.0,0.0,NULL,NULL,NULL,NULL,NULL,NULL,1,3,3,1.0,0.0,0.0,0.0,NULL,NULL,NULL,NULL,NULL,NULL,NULL,NULL,104,95,NULL),
 ('DWG',1,0,'Deutsches Weidelgras',NULL,NULL,NULL,NULL,0.0,0.0,0.0,0.0,0.0,0.0,NULL,NULL,NULL,NULL,NULL,NULL,2,3,3,1.0,0.0,0.0,0.0,NULL,NULL,NULL,NULL,NULL,NULL,NULL,NULL,105,96,NULL),
 ('HAN',1,0,'Hanf',NULL,NULL,NULL,NULL,0.0,0.0,0.0,0.0,0.0,0.0,NULL,NULL,NULL,NULL,NULL,NULL,1,3,3,1.0,0.0,0.0,0.0,NULL,NULL,NULL,NULL,NULL,NULL,NULL,NULL,106,97,NULL),
 ('BLK',1,0,'Blumenkohl',NULL,NULL,NULL,NULL,0.0,0.0,0.0,0.0,0.0,0.0,NULL,NULL,NULL,NULL,NULL,NULL,1,3,3,1.0,0.0,0.0,0.0,NULL,NULL,NULL,NULL,NULL,NULL,NULL,NULL,107,98,NULL),
 ('KOK',1,0,'Kopfkohl',NULL,NULL,NULL,NULL,0.0,0.0,0.0,0.0,0.0,0.0,NULL,NULL,NULL,NULL,NULL,NULL,1,3,3,1.0,0.0,0.0,0.0,NULL,NULL,NULL,NULL,NULL,NULL,NULL,NULL,108,99,NULL),
 ('SKA',2,1,'Speisekartoffeln',2500.0,0.22,0.22,0.4,1.23,1.7,0.52,0.23,1.92,1.64,0.0,0.0,0.0,0.0,1.0,NULL,1,2,3,1.3,0.6,0.6,0.0,1.74,'* TRIAL * TRIAL * TRIA',1.22727272727273,1.7,0.227272727272727,0.65,1.22727272727273,2.6,109,12,2500),
 ('SMA',2,1,'Silomais',30.0,0.3,0.3,0.0,1.17,0.0,0.54,0.0,1.41,0.0,0.0,0.0,0.0,0.0,1.0,NULL,1,3,3,1.4,0.6,0.6,0.2,1.5,'* TRIAL * TRIAL * TRIA',1.07142857142857,0.0,0.357142857142857,0.0,1.07142857142857,0.0,110,5,1),
 ('SRA',2,0,'Sommerraps',NULL,0.9,0.9,2.0,0.0,0.0,0.0,0.0,0.0,0.0,0.0,0.0,0.0,0.0,1.0,NULL,1,2,3,1.0,0.4,0.5,0.0,NULL,NULL,3.6,0.9,0.8,0.14,0.9,1.2,111,42,NULL),
 ('SWE',2,1,'* TRIAL * TR',150.0,0.86,0.86,1.1,1.98,0.35,0.93,0.27,0.56,0.98,0.0,0.0,0.0,0.0,1.0,NULL,1,2,3,1.0,0.6,0.6,0.2,1.44,'Hans Bachinger Febr.99',2.09302325581395,0.348837209302326,0.406976744186047,0.1,0.465116279069767,0.813953488372093,112,6,150),
 ('TRI',2,1,'Triticale',120.0,0.86,0.86,1.1,1.74,0.35,0.93,0.27,0.56,0.98,0.0,0.0,30.0,0.0,1.0,0.6,0,2,3,1.0,0.0,0.0,0.2,1.69,'Hans Bachinger Febr.99',1.74418604651163,0.348837209302326,0.406976744186047,0.1,0.465116279069767,0.813953488372093,113,7,120),
 ('WGE',2,1,'Wintergerste',120.0,0.86,0.86,1.1,1.74,0.35,0.930232558139535,0.27,0.56,0.98,0.0,0.0,30.0,0.0,1.0,0.6,0,1,2,1.0,0.1,0.1,0.2,1.6,'Hans Bachinger Febr.99',1.74418604651163,0.348837209302326,0.406976744186047,0.1,0.465116279069767,0.813953488372093,114,8,120),
 ('WGR',2,0,'Wickgras',NULL,NULL,NULL,NULL,0.0,0.0,0.0,0.0,0.0,0.0,NULL,50.0,50.0,0.0,NULL,NULL,0,1,3,1.0,0.0,0.0,0.0,NULL,NULL,NULL,NULL,NULL,NULL,NULL,NULL,115,43,NULL),
 ('WLU',2,0,'Weißlupinen',NULL,0.86,0.86,1.8,0.0,0.0,0.0,0.0,0.0,0.0,140.0,60.0,0.0,0.0,1.0,NULL,1,2,3,1.1,0.3,0.4,0.0,NULL,'wie Lupinen',6.0,1.4,0.5,0.1,0.9,1.1,116,44,NULL),
 ('WRA',2,1,'Winterraps',5.0,0.91,0.91,3.0,2.86,0.9,1.26,0.15,0.79,1.32,0.0,0.0,50.0,1.0,1.0,NULL,0,2,2,1.0,0.0,0.0,0.3,1.73,'Hans Bachinger Febr.99',2.85714285714286,0.9,0.549450549450549,0.14,0.549450549450549,1.2,117,33,5),
 ('WRO',2,1,'Winterroggen',130.0,0.86,0.86,1.3,1.74,0.35,0.930232558139535,0.27,0.56,0.98,0.0,0.0,20.0,0.0,1.0,0.7,0,2,3,1.0,0.2,0.2,0.2,1.63,'Hans Bachinger Febr.99',1.74418604651163,0.348837209302326,0.406976744186047,0.1,0.465116279069767,0.813953488372093,118,9,120),
 ('WWE',2,1,'* TRIAL * TR',170.0,0.86,0.86,1.1,1.86,0.35,0.930232558139535,0.27,0.56,0.56,0.0,0.0,10.0,0.0,1.0,NULL,0,2,3,1.0,0.3,0.3,0.2,1.69,'* TRIAL * TRIAL * TRIA',1.86046511627907,0.348837209302326,0.406976744186047,0.1,0.465116279069767,0.813953488372093,119,10,170),
 ('ZRU',2,1,'Zuckerrüben',NULL,0.23,0.16,1.4,0.78,2.5,0.391304347826087,0.6875,1.08695652173913,4.4375,0.0,0.0,0.0,1.0,1.0,NULL,1,3,3,1.3,0.3,0.3,0.0,NULL,'* TRIAL * TRIAL * T',0.78,2.5,0.17,0.31,0.91,3.69,120,15,1),
 ('FGH',4,0,'* TRIAL * TRIAL ',NULL,0.0,0.0,0.0,0.0,0.0,0.0,0.0,0.0,0.0,0.0,0.0,0.0,0.0,NULL,NULL,1,3,3,1.0,0.0,0.0,0.0,NULL,NULL,0.0,0.0,0.0,0.0,0.0,0.0,121,100,NULL),
 ('HEK',4,0,'* TRIAL * TRIAL * ',NULL,0.0,0.0,0.0,0.0,0.0,0.0,0.0,0.0,0.0,0.0,0.0,0.0,0.0,NULL,NULL,2,3,3,1.0,0.0,0.0,0.0,NULL,NULL,0.0,0.0,0.0,0.0,0.0,0.0,122,101,NULL),
 ('HEL',4,0,'Heckenpflege, lang',NULL,0.0,0.0,0.0,0.0,0.0,0.0,0.0,0.0,0.0,0.0,0.0,0.0,0.0,NULL,NULL,2,3,3,1.0,0.0,0.0,0.0,NULL,NULL,0.0,0.0,0.0,0.0,0.0,0.0,123,102,NULL),
 ('LHA',4,0,'* TRIAL * TRIAL * TRIAL * TRIAL ',NULL,0.0,0.0,0.0,0.0,0.0,0.0,0.0,0.0,0.0,0.0,0.0,0.0,0.0,NULL,NULL,2,3,3,1.0,0.0,0.0,0.0,NULL,NULL,0.0,0.0,0.0,0.0,0.0,0.0,124,103,NULL),
 ('NGG',4,0,'Naßwiesen Mahd (2x)',NULL,0.0,0.0,0.0,0.0,0.0,0.0,0.0,0.0,0.0,0.0,0.0,0.0,0.0,NULL,NULL,0,3,3,1.0,0.0,0.0,0.0,NULL,NULL,0.0,0.0,0.0,0.0,0.0,0.0,125,104,NULL),
 ('NWW',4,0,'* TRIAL * TRIAL * TRIAL ',NULL,0.0,0.0,0.0,0.0,0.0,0.0,0.0,0.0,0.0,0.0,0.0,0.0,0.0,NULL,NULL,0,3,3,1.0,0.0,0.0,0.0,NULL,NULL,0.0,0.0,0.0,0.0,0.0,0.0,126,105,NULL),
 ('HEG',2,0,'Hafer-Erbsen-Gemenge',NULL,0.86,0.86,1.2,3.1,1.2,0.930232558139535,0.35,0.27,3.02,45.0,0.0,0.0,1.0,1.0,0.7,1,2,3,1.1,0.4,0.4,0.3,NULL,'* TRIAL * TRIAL * TRI',NULL,NULL,NULL,NULL,NULL,NULL,127,20,220),
 ('DIN',2,0,'Dinkel',200.0,0.86,0.86,0.86,1.86,0.35,0.93,0.27,0.56,0.56,0.0,10.0,10.0,0.0,1.0,NULL,0,2,3,1.0,0.0,0.0,0.2,NULL,'Hans Bachinger Mai.06',NULL,NULL,NULL,NULL,NULL,NULL,128,1,150),
 ('LZH',2,1,'* TRIAL * TRIAL * TRIAL',1.0,0.62,0.0,0.0,2.7,0.0,0.76,0.0,3.01,0.0,220.0,50.0,0.0,1.0,0.72,NULL,2,1,3,1.0,0.0,0.0,0.0,NULL,NULL,NULL,NULL,NULL,NULL,NULL,NULL,129,26,1),
 ('STR',2,0,'Steckrübe /Swede',NULL,0.15,0.12,1.5,2.33,2.91666666666667,0.333333333333333,0.416666666666667,2.8,3.5,NULL,NULL,NULL,NULL,1.0,NULL,1,3,3,1.3,0.3,0.3,0.0,NULL,'* TRIAL * TRIAL * TRIAL * TRIAL * TRIAL * ',NULL,NULL,NULL,NULL,NULL,NULL,130,14,1),
 ('ZWI',2,1,'* TRIAL ',NULL,0.14,0.14,1.5,1.29,1.0,0.25,0.15,1.42857142857143,0.55,NULL,NULL,NULL,NULL,1.0,NULL,1,3,3,1.3,0.3,0.3,0.0,NULL,'* TRIAL * TRIAL * T',NULL,NULL,NULL,NULL,NULL,NULL,131,16,1),
 ('FRU',2,1,'Futterrüben',NULL,0.15,0.12,1.4,1.07,2.17,0.2,0.333333333333333,2.73333333333333,4.33333333333333,0.0,0.0,0.0,1.0,1.0,NULL,1,3,3,1.3,0.5,0.5,0.0,1.38,'Fauszahlen Öko 2015',1.6,2.5,0.25,0.3,3.2,4.3,132,11,1),
 ('SBO',2,1,'Sojabohne',150.0,0.86,0.86,1.0,6.4,1.04651162790698,0.662790697674419,0.174418604651163,1.5,1.04651162790698,NULL,NULL,NULL,NULL,1.0,NULL,1,3,3,1.1,0.3,0.4,0.0,NULL,'* TRIAL * TRIAL * T',NULL,NULL,NULL,NULL,NULL,NULL,133,21,100),
 ('LZ0',2,1,'Leggras Frühjahrsansaat, 2xGrünfutter',1.0,0.25,0.0,0.0,3.1,0.0,0.76,0.0,3.01,0.0,220.0,50.0,0.0,1.0,1.0,NULL,1,3,3,1.0,0.0,0.5,0.0,NULL,'TM nach Meyer-Aurich',2.92,0.0,0.35,0.0,2.8,0.0,134,24,1),
 ('LZX',2,1,'LegGras Herbstsaat Grünfutter',1.0,0.25,0.0,0.0,3.1,0.0,0.76,0.0,3.01,0.0,220.0,50.0,0.0,1.0,1.0,NULL,2,1,2,1.0,0.0,0.0,0.0,NULL,NULL,3.0,0.0,0.35,0.0,2.8,0.0,135,28,1),
 ('LZY',2,1,'LegGras Herbstsaat Heu_Heu_Silage',1.0,0.62,0.0,0.0,2.7,0.0,0.76,0.0,3.01,0.0,220.0,50.0,0.0,1.0,0.72,NULL,2,1,2,1.0,0.0,0.0,0.0,NULL,NULL,NULL,NULL,NULL,NULL,NULL,NULL,136,29,1),
 ('LZZ',2,1,'LegGras Herbstsaat  Heu_Silage_Silage',1.0,0.44,0.0,0.0,2.85,0.0,0.76,0.0,3.01,0.0,220.0,50.0,0.0,1.0,0.8,NULL,2,1,2,1.0,0.0,0.0,0.0,NULL,NULL,3.0,0.0,0.35,0.0,2.8,0.0,137,30,1),
 ('KOR',1,0,'* TRIAL ',NULL,NULL,NULL,NULL,0.0,0.0,0.0,0.0,0.0,0.0,NULL,NULL,NULL,NULL,NULL,NULL,1,3,3,1.0,0.0,0.0,0.0,NULL,NULL,NULL,NULL,NULL,NULL,NULL,NULL,138,106,NULL),
 ('ROK',1,0,'Rotkohl',NULL,NULL,NULL,NULL,0.0,0.0,0.0,0.0,0.0,0.0,NULL,NULL,NULL,NULL,NULL,NULL,1,3,3,1.0,0.0,0.0,0.0,NULL,NULL,NULL,NULL,NULL,NULL,NULL,NULL,139,107,NULL),
 ('RSK',1,0,'Rosenkohl',NULL,NULL,NULL,NULL,0.0,0.0,0.0,0.0,0.0,0.0,NULL,NULL,NULL,NULL,NULL,NULL,1,3,3,1.0,0.0,0.0,0.0,NULL,NULL,NULL,NULL,NULL,NULL,NULL,NULL,140,108,NULL),
 ('RRU',1,0,'Rote Rüben',NULL,NULL,NULL,NULL,0.0,0.0,0.0,0.0,0.0,0.0,NULL,NULL,NULL,NULL,NULL,NULL,1,3,3,1.0,0.0,0.0,0.0,NULL,NULL,NULL,NULL,NULL,NULL,NULL,NULL,141,109,NULL),
 ('WIK',1,0,'* TRIAL * T',NULL,NULL,NULL,NULL,0.0,0.0,0.0,0.0,0.0,0.0,NULL,NULL,NULL,NULL,NULL,NULL,1,3,3,1.0,0.0,0.0,0.0,NULL,NULL,NULL,NULL,NULL,NULL,NULL,NULL,142,110,NULL),
 ('WEK',1,0,'Weißkohl',NULL,NULL,NULL,NULL,0.0,0.0,0.0,0.0,0.0,0.0,NULL,NULL,NULL,NULL,NULL,NULL,1,3,3,1.0,0.0,0.0,0.0,NULL,NULL,NULL,NULL,NULL,NULL,NULL,NULL,143,111,NULL),
 ('SEL',1,0,'Sellerie',NULL,NULL,NULL,NULL,0.0,0.0,0.0,0.0,0.0,0.0,NULL,NULL,NULL,NULL,NULL,NULL,1,3,3,1.0,0.0,0.0,0.0,NULL,NULL,NULL,NULL,NULL,NULL,NULL,NULL,144,112,NULL),
 ('SPI',1,0,'Spinat',NULL,NULL,NULL,NULL,0.0,0.0,0.0,0.0,0.0,0.0,NULL,NULL,NULL,NULL,NULL,NULL,1,3,3,1.0,0.0,0.0,0.0,NULL,NULL,NULL,NULL,NULL,NULL,NULL,NULL,145,113,NULL),
 ('DIB',1,0,'Dicke Bohnen',NULL,NULL,NULL,NULL,0.0,0.0,0.0,0.0,0.0,0.0,NULL,NULL,NULL,NULL,NULL,NULL,1,2,3,1.0,0.0,0.0,0.0,NULL,NULL,NULL,NULL,NULL,NULL,NULL,NULL,146,114,NULL),
 ('GRE',1,0,'Grüne Erbsen',NULL,NULL,NULL,NULL,0.0,0.0,0.0,0.0,0.0,0.0,NULL,NULL,NULL,NULL,NULL,NULL,1,3,3,1.0,0.0,0.0,0.0,NULL,NULL,NULL,NULL,NULL,NULL,NULL,NULL,147,115,NULL),
 ('GRB',1,0,'Grüne Bohnen',NULL,NULL,NULL,NULL,0.0,0.0,0.0,0.0,0.0,0.0,NULL,NULL,NULL,NULL,NULL,NULL,1,3,3,1.0,0.0,0.0,0.0,NULL,NULL,NULL,NULL,NULL,NULL,NULL,NULL,148,116,NULL),
 ('ERB',1,1,'Erbsen',NULL,0.86,0.86,1.4,4.18604651162791,1.74418604651163,1.27906976744186,0.348837209302326,1.62790697674419,3.02325581395349,75.0,50.0,0.0,0.0,NULL,NULL,1,1,3,1.5,0.0,0.0,0.0,NULL,'* TRIAL * TRIAL * TRIAL * TRIA',4.5,1.9,0.5,0.15,1.2,1.3,149,36,NULL),
 ('ZWI',1,0,'Zwiebeln',NULL,NULL,NULL,NULL,0.0,0.0,0.0,0.0,0.0,0.0,NULL,NULL,NULL,NULL,NULL,NULL,1,3,3,1.0,0.0,0.0,0.0,NULL,NULL,NULL,NULL,NULL,NULL,NULL,NULL,150,16,NULL),
 ('SPM',2,1,'Speisemöhren',NULL,0.1,0.2,3.3,1.3,1.85,0.35,0.25,3.5,3.75,NULL,NULL,NULL,NULL,1.0,NULL,1,3,3,1.3,0.3,0.3,0.0,NULL,'Fauszahlen Öko 2015',NULL,NULL,NULL,NULL,NULL,NULL,151,13,1),
 ('EGU',1,0,'* TRIAL * TRI',NULL,NULL,NULL,NULL,0.0,0.0,0.0,0.0,0.0,0.0,NULL,NULL,NULL,NULL,NULL,NULL,1,3,3,1.0,0.0,0.0,0.0,NULL,NULL,NULL,NULL,NULL,NULL,NULL,NULL,152,117,NULL),
 ('LKZ',2,1,'Leggras Herbstsaat; 3 x Silage',1.0,0.35,0.0,0.0,2.92,0.0,0.76,0.0,3.01,0.0,220.0,50.0,0.0,1.0,0.85,NULL,2,3,3,1.0,0.0,0.5,0.0,NULL,'TM nach Meyer-Aurich',2.92,0.0,0.35,0.0,2.8,0.0,153,23,1);
INSERT INTO "crop_production_activities_tb" ("crop_production_activities_id","crop_id","acronym","previous_crop_type_id","previous_crop_n_delivery","n_delivery","undersowing") VALUES (216,9,'WRO',3,1,1,0),
 (217,33,'WRA',3,1,1,0),
 (218,4,'SGE',2,1,2,1),
 (219,14,'STR',4,2,1,0),
 (220,6,'SWE',2,1,1,0),
 (221,16,'ZWI',3,1,2,0),
 (222,1,'DIN',3,1,1,0),
 (223,12,'SKA',4,1,1,0),
 (224,22,'LKS',1,1,1,0),
 (225,17,'ABO',1,2,1,0),
 (226,30,'LZZ',2,2,1,0),
 (227,22,'LKS',4,1,2,0),
 (228,30,'LZZ',1,2,1,0),
 (229,15,'ZRU',4,2,1,0),
 (230,6,'SWE',2,2,2,0),
 (231,14,'STR',1,2,1,0),
 (232,1,'DIN',4,1,2,0),
 (233,7,'TRI',2,2,2,0),
 (234,16,'ZWI',2,2,1,0),
 (235,2,'HAF',1,2,1,1),
 (236,8,'WGE',1,1,1,0),
 (237,3,'KMA',4,2,1,1),
 (238,7,'TRI',1,2,2,0),
 (239,17,'ABO',1,1,1,0),
 (240,7,'TRI',2,1,1,0),
 (241,2,'HAF',2,2,2,0),
 (242,23,'LKZ',2,2,1,0),
 (243,7,'TRI',1,2,1,0),
 (244,7,'TRI',2,1,2,1),
 (245,2,'HAF',4,1,2,1),
 (246,10,'WWE',3,1,1,0),
 (247,18,'FER',2,2,1,0),
 (248,6,'SWE',2,2,1,0),
 (249,9,'WRO',2,1,1,0),
 (250,12,'SKA',4,1,2,0),
 (251,18,'FER',2,2,1,1),
 (252,26,'LZH',1,1,1,0),
 (253,17,'ABO',2,1,1,1),
 (254,7,'TRI',1,2,1,1),
 (255,13,'SPM',4,2,2,0),
 (256,16,'ZWI',4,2,2,0),
 (257,1,'DIN',4,2,2,0),
 (258,8,'WGE',4,1,2,0),
 (259,2,'HAF',4,2,2,1),
 (260,2,'HAF',2,2,1,1),
 (261,19,'GLU',2,1,1,1),
 (262,23,'LKZ',2,1,1,0),
 (263,9,'WRO',2,1,1,1),
 (264,9,'WRO',4,1,2,0),
 (265,9,'WRO',1,1,1,0),
 (266,14,'STR',4,1,2,0),
 (267,9,'WRO',4,2,2,0),
 (268,3,'KMA',3,1,1,0),
 (269,7,'TRI',4,1,2,0),
 (270,7,'TRI',3,1,1,1),
 (271,18,'FER',2,1,1,1),
 (272,12,'SKA',1,1,1,0),
 (273,17,'ABO',2,2,1,0),
 (274,9,'WRO',2,1,2,1),
 (275,2,'HAF',2,1,1,1),
 (276,6,'SWE',2,2,1,1),
 (277,5,'SMA',4,2,1,0),
 (278,10,'WWE',4,1,2,0),
 (279,5,'SMA',1,1,1,0),
 (280,10,'WWE',2,2,2,0),
 (281,2,'HAF',1,1,1,1),
 (282,16,'ZWI',4,1,1,0),
 (283,9,'WRO',3,1,1,1),
 (284,13,'SPM',4,2,1,0),
 (285,10,'WWE',1,1,1,0),
 (286,11,'FRU',3,1,2,0),
 (287,19,'GLU',2,2,1,1),
 (288,11,'FRU',4,1,1,0),
 (289,21,'SBO',2,1,1,0),
 (290,8,'WGE',2,1,1,0),
 (291,33,'WRA',1,1,2,0),
 (292,5,'SMA',1,2,1,0),
 (293,7,'TRI',3,1,1,0),
 (294,24,'LZ0',1,1,1,0),
 (295,4,'SGE',2,2,2,0),
 (296,19,'GLU',2,1,1,0),
 (297,10,'WWE',4,2,2,0),
 (298,2,'HAF',1,2,1,0),
 (299,14,'STR',3,1,2,0),
 (300,29,'LZY',1,2,1,0),
 (301,4,'SGE',1,2,1,0),
 (302,20,'HEG',1,2,1,0),
 (303,29,'LZY',1,1,1,0),
 (304,19,'GLU',1,1,1,0),
 (305,3,'KMA',4,2,1,0),
 (306,4,'SGE',3,1,1,0),
 (307,2,'HAF',3,1,1,0),
 (308,24,'LZ0',2,2,1,0),
 (309,3,'KMA',2,2,1,0),
 (310,5,'SMA',2,1,1,0),
 (311,4,'SGE',1,1,1,0),
 (312,12,'SKA',1,2,1,0),
 (313,8,'WGE',2,2,2,0),
 (314,28,'LZX',2,2,1,0),
 (315,11,'FRU',4,2,2,0),
 (316,16,'ZWI',2,2,2,0),
 (317,8,'WGE',3,1,1,0),
 (318,13,'SPM',1,2,1,0),
 (319,18,'FER',2,1,1,0),
 (320,2,'HAF',4,2,2,0),
 (321,18,'FER',1,2,1,0),
 (322,27,'LZS',1,1,1,0),
 (323,25,'LZG',4,1,2,0),
 (324,28,'LZX',2,1,1,0),
 (325,24,'LZ0',2,1,1,0),
 (326,9,'WRO',2,1,2,0),
 (327,32,'ST1',1,1,2,0),
 (328,15,'ZRU',3,1,2,0),
 (329,3,'KMA',4,1,1,1),
 (330,9,'WRO',1,2,1,1),
 (331,27,'LZS',4,1,2,0),
 (332,16,'ZWI',1,2,1,0),
 (333,18,'FER',1,1,1,0),
 (334,11,'FRU',4,1,2,0),
 (335,26,'LZH',4,2,2,0),
 (336,33,'WRA',1,2,2,0),
 (337,13,'SPM',4,1,2,0),
 (338,29,'LZY',2,1,1,0),
 (339,28,'LZX',1,2,1,0),
 (340,26,'LZH',4,1,2,0),
 (341,23,'LKZ',1,2,1,0),
 (342,9,'WRO',1,1,2,1),
 (343,25,'LZG',4,2,2,0),
 (344,9,'WRO',2,2,2,0),
 (345,1,'DIN',1,1,1,0),
 (346,19,'GLU',1,2,1,0),
 (347,7,'TRI',1,1,1,0),
 (348,1,'DIN',3,1,1,1),
 (349,2,'HAF',1,1,1,0),
 (350,7,'TRI',4,2,2,0),
 (351,2,'HAF',3,1,1,1),
 (352,4,'SGE',3,1,1,1),
 (353,13,'SPM',3,1,2,0),
 (354,19,'GLU',1,2,1,1),
 (355,19,'GLU',2,2,1,0),
 (356,6,'SWE',4,2,2,0),
 (357,11,'FRU',4,2,1,0),
 (358,21,'SBO',2,2,1,0),
 (359,14,'STR',4,1,1,0),
 (360,20,'HEG',1,1,1,0),
 (361,5,'SMA',2,2,1,0),
 (362,8,'WGE',4,2,2,0),
 (363,9,'WRO',1,2,2,1),
 (364,16,'ZWI',4,1,2,0),
 (365,3,'KMA',4,1,1,0),
 (366,4,'SGE',1,2,1,1),
 (367,15,'ZRU',4,1,2,0),
 (368,5,'SMA',3,1,1,0),
 (369,13,'SPM',4,1,1,0),
 (370,6,'SWE',4,1,2,0),
 (371,2,'HAF',2,1,1,0),
 (372,15,'ZRU',1,2,1,0),
 (373,1,'DIN',2,2,2,0),
 (374,17,'ABO',2,2,1,1),
 (375,8,'WGE',1,2,1,0),
 (376,30,'LZZ',1,1,1,0),
 (377,29,'LZY',2,2,1,0),
 (378,7,'TRI',2,2,2,1),
 (379,1,'DIN',2,1,1,0),
 (380,3,'KMA',1,1,1,0),
 (381,2,'HAF',4,1,2,0),
 (382,9,'WRO',2,2,2,1),
 (383,11,'FRU',1,2,1,0),
 (384,16,'ZWI',2,1,1,0),
 (385,18,'FER',1,1,1,1),
 (386,4,'SGE',2,2,2,1),
 (387,4,'SGE',2,1,1,0),
 (388,31,'ST0',1,1,1,0),
 (389,28,'LZX',1,1,1,0),
 (390,16,'ZWI',2,1,2,0),
 (391,7,'TRI',1,2,2,1),
 (392,9,'WRO',1,1,1,1),
 (393,23,'LKZ',1,1,1,0),
 (394,18,'FER',1,2,1,1),
 (395,12,'SKA',4,2,2,0),
 (396,17,'ABO',1,2,1,1),
 (397,12,'SKA',3,1,2,0),
 (398,33,'WRA',1,2,1,0),
 (399,31,'ST0',1,1,1,1),
 (400,16,'ZWI',4,2,1,0),
 (401,22,'LKS',4,2,2,0),
 (402,6,'SWE',2,1,1,1),
 (403,3,'KMA',2,1,1,0),
 (404,12,'SKA',3,1,1,0),
 (405,10,'WWE',1,2,1,0),
 (406,19,'GLU',1,1,1,1),
 (407,14,'STR',4,2,2,0),
 (408,12,'SKA',4,2,1,0),
 (409,17,'ABO',2,1,1,0),
 (410,2,'HAF',2,2,2,1),
 (411,10,'WWE',2,1,1,0),
 (412,3,'KMA',1,2,1,0),
 (413,4,'SGE',1,1,1,1),
 (414,33,'WRA',4,1,2,0),
 (415,27,'LZS',4,2,2,0),
 (416,17,'ABO',1,1,1,1),
 (417,21,'SBO',1,2,1,0),
 (418,5,'SMA',4,1,1,0),
 (419,15,'ZRU',4,2,2,0),
 (420,33,'WRA',3,1,2,0),
 (421,1,'DIN',1,2,1,0),
 (422,4,'SGE',1,1,2,1),
 (423,2,'HAF',1,1,2,1),
 (424,6,'SWE',3,1,1,0),
 (425,15,'ZRU',4,1,1,0),
 (426,25,'LZG',1,1,1,0),
 (427,9,'WRO',1,2,1,0),
 (428,21,'SBO',1,1,1,0),
 (429,33,'WRA',4,2,2,0),
 (430,30,'LZZ',2,1,1,0);
INSERT INTO "environmental_protection_measures_tb" ("environmental_protection_measures_id","acronym","description_de","description_en","description_fr","annotation") VALUES (1,'a','Grundvariante','* TRIAL * ','* TRIAL * T','-- kommt nicht vor'),
 (2,'ce','* TRIAL * TRIAL * TRIAL * TRIAL ','* TRIAL * TRIAL * TRIA','distance entre les rangs triplée','dreifacher Reihenabstand'),
 (4,'aa','Hochschnitt-14cm (nur beim 1.Schnitt),. gesamt','high cutting height at 14 cm only the 1st cut','fauche haute - 14cm (seule la 1ère fauche),','Hochschnitt 1. Schnitt/ aa = Hochschnitt-14cm (nur beim 1.Schnitt), gesamt'),
 (6,'ed','* TRIAL * TRIAL * TRIAL * TRIAL * TRIA','5a__Gewäss..nur 1. Schnitt (>10cm),. gesamt','* TRIAL * TRIAL * TRIAL * TRIAL * ',NULL),
 (7,'a0','Grundvariante','* TRIAL * ','non modifié','* TRIAL * TRIAL * '),
 (8,'mh','ungemähte Streifen Getreide. Teilfläche 1%','1% of the area. unmowed strips in cereals','bandes non fauchées de céréales. 1% de la surface','-- kommt nicht vor'),
 (9,'ib','* TRIAL * TRIAL * TR','15__Blühstreifen. gesamt','bande fleurie',NULL),
 (10,'mc','ungemähte Streifen LKG+Getreide (120),. Teilfläche 10%','10% of the area. unmowed strips in legume-grass and cereals','bandes non fauchées de LégFourr + céréales (120),. 10% de la surface',NULL),
 (11,'ef','nicht aktiv___Gewäss.. alle Schnitte (>10cm),. gesamt','nicht aktiv___Gewäss.. alle Schnitte (>10cm),. gesamt','non actif. près de l''eau. toutes les fauches >10cm',NULL),
 (13,'lk','Säume-Kräuterwiese. nur 1. Schnitt. gesamt','* TRIAL * TRIAL * TRIAL * TRIAL * TRIAL * TRIAL ','* TRIAL * TRIAL * TRIAL * TRIAL * TRIAL ',NULL),
 (14,'ea','* TRIAL * TRIAL * TRIAL * TRIAL * TRI','* TRIAL * TRIAL * TRIAL * TRIAL * TRIAL','près de l''eau. 1ère fauche à 7cm',NULL),
 (17,'ec','Gewäss..1.+ 2. Schnitt (>10cm),. gesamt','5b__Gewäss..1.+ 2. Schnitt (>10cm),. gesamt','près de l''eau. 1ère+2e fauche à >10cm',NULL),
 (18,'ba','* TRIAL * TRIAL * TRIAL * TRIAL * TRIAL * TRIAL * T','late cuts 2nd cut at 7 weeks and 3rd cut at 7 weeks','fauche tardive (2e fauche après 7 sem.. 3e après 7 sem.),',NULL),
 (19,'mh','ungemähte Streifen Getreide. Teilfläche 1%','* TRIAL * TRIAL * TRIAL * TRIAL * TRIAL *','* TRIAL * TRIAL * TRIAL * TRIAL * TRIAL * TRIAL','-- kommt nicht vor'),
 (20,'bc','Spätschnitt. (2.Schn - 8Wo.. 3.Schn- 7Wo.),. gesamt','late cuts 2nd cut at 8 weeks and 3rd cut at 7 weeks','* TRIAL * TRIAL * TRIAL * TRIAL * TRIAL * TRIAL * TRIAL *','* TRIAL * TRIAL * TRIAL * TRIAL * TRIAL * TRIAL * TRIAL * TRIAL * TRIAL * '),
 (21,'p','Etablierung Futterleguminosen','unmodified','non modifié',NULL),
 (22,'gc','Reduktion Striegeleinsatz. gesamt','reduced harrow application','réduction du peigne','nur Blindstriegel/ gc = Reduktion Striegeleinsatz, gesamt'),
 (23,'eb','Gewäss..1.+ 2. Schnitt (7cm),. gesamt','* TRIAL * TRIAL * TRIAL * TRIAL * TRIAL *','près de l''eau. 1ère+2e fauche à 7cm',NULL),
 (30,'mg','ungemähte Streifen Getreide. Teilfläche 3%','3% of the area. unmowed strips in cereals','* TRIAL * TRIAL * TRIAL * TRIAL * TRIAL * TRIAL *','--kommt nicht vor'),
 (31,'fa','reduzierte Bodenbearbeitung. gesamt','reduced soil tillage','réduction du travail du sol','reduzierte Bodenbearbeitung'),
 (32,'ca','* TRIAL * TRIAL * TRIAL ','reduced seeding rate','taux de semis réduit','-- kommt nicht vor'),
 (33,'ga','* TRIAL * TRIAL * TRI','* TRIAL * TRIA','* TRIAL * T','* TRIAL * TRIAL * TRIAL * TRIAL * TRIAL *'),
 (35,'ha','verzögerte Stoppelbearbeitung. gesamt','* TRIAL * TRIAL * TRI','déchaumage retardé','* TRIAL * TRIAL * '),
 (36,'mf','ungemähte Streifen LKG. Teilfläche 3%','4e__ungemähte Streifen LKG. Teilfläche 3%','* TRIAL * TRIAL * TRIAL * TRIAL * TRIAL * TRIAL *',NULL),
 (37,'mi','* TRIAL * TRIAL * TRIAL * TRIAL * TRI','4aVar4-1__ungemähte Streifen LKG. Teilfläche 1%','bandes non fauchées de LégFourr. 1% de la surface',NULL),
 (38,'bd','Spätschnitt. (2.Schn - 8Wo.. 3.Schn- 5Wo.),. gesamt','late cuts 2nd cut at 8 weeks and 3rd cut at 5 weeks','fauche tardive (2e fauche après 8 sem.. 3e après 5 sem.),',NULL),
 (40,'mk','Zusatz_Rotor__ungemähte Streifen LKG (000),. Teilfläche 10%','4a_Zusatz_Rotor__ungemähte Streifen LKG (000),. Teilfläche 10%','* TRIAL * TRIAL * TRIAL * TRIAL * TRIAL * TRIAL * TRIAL * TRIAL * TRIAL * T','* TRIAL *'),
 (41,'ee','Gewäss.. ohne Nutzung. gesamt','5f__Gewäss.. ohne Nutzung. gesamt','près de l''eau. sans exploitation',NULL),
 (42,'ll','Säume-Magerstandorte. ohne Nutzung. gesamt','6h__Säume-Magerstandorte. ohne Nutzung. gesamt','bordure de prairie maigre. sans exploitation',NULL),
 (45,'li','* TRIAL * TRIAL * TRIAL * TRIAL * TRIAL ','6d__Säume-Kräuterwiese. ohne Nutzung. gesamt','bordure de prairie. sans exploitation',NULL),
 (46,'md','ungemähte Streifen LKG (100),. Teilfläche 10%','4aVar4-10__ungemähte Streifen LKG (100),. Teilfläche 10%','bandes non fauchées de LégFourr (100),. 10% de la surface',NULL),
 (47,'ma','ungemähte Streifen LKG (000),. Teilfläche 10%','* TRIAL * TRIAL * TRIAL * TRIAL * TRIAL * TRIAL * TRI','* TRIAL * TRIAL * TRIAL * TRIAL * TRIAL * TRIAL * TRIAL *','Streifen 4aVar1 ????/ ma = ungemähte Streifen, überjährig'),
 (48,'me','* TRIAL * TRIAL * TRIAL * TRIAL * TRI','4d__ungemähte Streifen LKG. Teilfläche 3%','* TRIAL * TRIAL * TRIAL * TRIAL * TRIAL * TRIAL *',NULL),
 (49,'mb','* TRIAL * TRIAL * TRIAL * TRIAL * TRIAL * TRI','4aVar2__ungemähte Streifen LKG (120),. Teilfläche 10%','bandes non fauchées de LégFourr (120),. 10% de la surface','* TRIAL * TRIAL * T'),
 (50,'bb','* TRIAL * TRIAL * TRIAL * TRIAL * TRIAL * TRIAL * T','late cuts 2nd cut at 7 weeks and 3rd cut at 6 weeks','fauche tardive (2e fauche après 7 sem.. 3e après 6 sem.),',NULL);
INSERT INTO "humus_factors_tb" ("humus_factors_id","production_system_id","crops_id","humus_required","humus_units_for_oil","annotation") VALUES (1,2,31,400,0.2,'400 aus Humus_Bilanz Bayern  JB 4.12.13'),
 (2,2,32,500,1.5,'700 aus Humus_Bilanz Bayern  JB 4.12.13  700-200 für Untersaaten abgezogen JB 6.09.17'),
 (3,2,34,200,0.35,NULL),
 (4,2,18,160,0.35,NULL),
 (5,2,35,-280,-1.05,NULL),
 (6,2,36,160,0.35,NULL),
 (7,2,37,-280,NULL,NULL),
 (8,2,27,600,2.1,NULL),
 (9,2,38,-280,-1.05,NULL),
 (10,2,39,-280,-1.05,NULL),
 (11,2,40,NULL,NULL,NULL),
 (12,2,4,-280,-1.05,NULL),
 (13,2,41,-280,-1.05,NULL),
 (14,2,12,-760,-2.75,NULL),
 (15,2,5,-560,-2.05,NULL),
 (16,2,42,-280,NULL,NULL),
 (17,2,6,-280,-1.05,NULL),
 (18,2,7,-280,-1.05,NULL),
 (19,2,8,-280,-1.05,NULL),
 (20,2,43,NULL,NULL,NULL),
 (21,2,44,160,0.35,NULL),
 (22,2,33,-280,-1.05,NULL),
 (23,2,9,-280,-1.05,NULL),
 (24,2,10,-280,-1.05,NULL),
 (25,2,15,-760,-3.4,NULL),
 (26,2,45,600,2.1,NULL),
 (27,2,22,600,2.1,NULL),
 (28,2,46,600,2.1,NULL),
 (29,2,17,160,0.35,NULL),
 (30,2,47,400,NULL,NULL),
 (31,2,19,160,0.35,NULL),
 (32,2,48,NULL,NULL,NULL),
 (33,2,2,-280,-1.05,NULL),
 (34,2,49,NULL,NULL,NULL),
 (35,2,50,NULL,NULL,NULL),
 (36,2,51,NULL,NULL,NULL),
 (37,2,52,NULL,NULL,NULL),
 (38,2,53,NULL,NULL,NULL),
 (39,2,54,NULL,NULL,NULL),
 (40,2,55,160,0.35,NULL),
 (41,2,25,600,2.1,NULL),
 (42,2,26,600,2.1,NULL),
 (43,2,20,-16,-0.2,'* TRIAL * TRIAL * TRIAL * TRIAL * TRIAL * TRIAL * TRIAL * TRIAL * TRIAL * TRIAL * TRIAL * TRIAL * TRIAL * TRIAL * TRIAL * TRIAL * TRIAL * TRIAL *'),
 (44,2,1,-280,-1.05,NULL),
 (45,2,11,-760,-3.4,'Gleich ZRU gesetzt JB 14.06.16'),
 (46,2,3,-560,-2.05,'da Stroh auf dem Acker verbliebt müßten die Werte deutlich besser sein als bei SMA wird aber gfs durch die Berücksichtigung des Strohs verbessert! JB 14.06.16'),
 (47,2,13,-560,-2.05,NULL),
 (48,2,16,-280,-1.05,NULL),
 (49,2,14,-760,-2.05,NULL),
 (50,NULL,56,160,0.35,NULL),
 (51,2,24,300,1.4,NULL),
 (52,2,21,160,0.35,'analog zu allen anderen Köleg! 24.06.16'),
 (53,2,28,600,2.1,NULL),
 (54,2,29,600,2.1,NULL),
 (55,2,30,600,2.1,NULL),
 (56,2,23,600,2.1,NULL);
INSERT INTO "m_n_crop_environmental_protection_measures_factors_tb" ("m_n_crop_environmental_protection_measures_factors_id","crop_id","environmental_protection_measures_id","correction_factor","harvest_loss","gesamtschlag") VALUES (1,17,1,1.0,NULL,1),
 (2,18,1,1.0,NULL,1),
 (3,18,32,0.0,NULL,0),
 (4,18,2,0.0,NULL,1),
 (5,18,31,0.9,NULL,1),
 (6,18,33,0.85,NULL,1),
 (7,18,22,0.9,NULL,1),
 (8,18,35,0.0,NULL,0),
 (10,19,1,1.0,NULL,1),
 (11,19,32,0.0,NULL,0),
 (12,19,2,0.0,NULL,1),
 (13,19,31,0.9,NULL,1),
 (14,19,33,0.85,NULL,1),
 (15,19,22,0.95,NULL,1),
 (16,19,35,0.0,NULL,0),
 (18,2,1,1.0,NULL,1),
 (19,2,32,0.8,NULL,0),
 (20,2,2,0.8,NULL,1),
 (22,2,31,0.9,NULL,1),
 (23,2,33,0.95,NULL,1),
 (24,2,22,0.95,NULL,1),
 (25,2,35,1.0,NULL,0),
 (26,2,10,1.0,NULL,0),
 (27,2,10,1.0,NULL,0),
 (28,2,30,1.0,NULL,0),
 (29,2,30,1.0,NULL,0),
 (30,2,8,1.0,NULL,0),
 (31,2,19,1.0,NULL,0),
 (34,2,21,1.0,NULL,1),
 (36,25,1,1.0,0.0,1),
 (37,46,1,1.0,NULL,1),
 (38,22,1,1.0,NULL,1),
 (39,26,1,1.0,0.27,1),
 (40,26,4,1.0,0.29,1),
 (41,26,4,1.0,0.29,1),
 (42,26,18,0.0,NULL,1),
 (43,26,50,0.0,NULL,1),
 (44,26,20,1.0,0.28,1),
 (45,26,38,0.0,NULL,1),
 (47,26,14,1.0,NULL,0),
 (48,26,14,1.0,NULL,0),
 (49,26,23,1.0,NULL,0),
 (50,26,23,1.0,NULL,0),
 (51,26,17,1.0,NULL,0),
 (52,26,17,1.0,NULL,0),
 (53,26,6,1.0,NULL,0),
 (54,26,6,1.0,NULL,0),
 (55,26,41,1.0,NULL,0),
 (56,26,11,1.0,NULL,0),
 (57,26,47,1.0,0.27,1),
 (58,26,49,1.0,0.27,1),
 (59,26,10,1.0,NULL,0),
 (60,26,10,1.0,NULL,0),
 (61,26,46,1.0,NULL,0),
 (62,26,48,1.0,NULL,0),
 (63,26,36,1.0,NULL,0),
 (64,26,37,1.0,NULL,0),
 (65,26,40,1.0,0.27,1),
 (66,27,1,1.0,0.2,1),
 (67,27,4,1.0,0.2,1),
 (68,27,4,1.0,0.2,1),
 (69,27,18,0.0,NULL,1),
 (70,27,50,0.0,NULL,1),
 (71,27,20,1.0,0.21,1),
 (72,27,38,0.0,NULL,1),
 (74,27,14,1.0,NULL,0),
 (75,27,14,1.0,NULL,0),
 (76,27,23,1.0,NULL,0),
 (77,27,23,1.0,NULL,0),
 (78,27,17,1.0,NULL,0),
 (79,27,17,1.0,NULL,0),
 (80,27,6,1.0,NULL,0),
 (81,27,6,1.0,NULL,0),
 (82,27,41,1.0,NULL,0),
 (83,27,11,1.0,NULL,0),
 (84,27,47,1.0,0.2,1),
 (85,27,49,1.0,0.2,1),
 (86,27,10,1.0,NULL,0),
 (87,27,10,1.0,NULL,0),
 (88,27,46,1.0,NULL,0),
 (89,27,48,1.0,NULL,0),
 (90,27,36,1.0,NULL,0),
 (91,27,37,1.0,NULL,0),
 (92,27,40,1.0,0.2,0),
 (93,4,1,1.0,NULL,1),
 (94,4,32,0.8,NULL,0),
 (95,4,2,0.75,NULL,1),
 (97,4,31,0.9,NULL,1),
 (98,4,33,0.85,NULL,1),
 (99,4,22,0.95,NULL,1),
 (100,4,35,0.0,NULL,0),
 (103,4,21,1.0,NULL,1),
 (105,12,1,1.0,NULL,1),
 (106,5,1,1.0,NULL,1),
 (107,31,21,1.0,NULL,1),
 (108,32,1,1.0,NULL,1),
 (111,6,1,1.0,NULL,1),
 (112,6,32,0.8,NULL,0),
 (113,6,2,0.75,NULL,1),
 (114,6,31,0.9,NULL,1),
 (115,6,33,0.9,NULL,1),
 (116,6,22,0.95,NULL,1),
 (117,6,35,0.0,NULL,0),
 (118,6,10,1.0,NULL,0),
 (119,6,10,1.0,NULL,0),
 (120,6,30,1.0,NULL,0),
 (121,6,30,1.0,NULL,0),
 (122,6,8,1.0,NULL,0),
 (123,6,19,1.0,NULL,0),
 (125,7,1,1.0,NULL,1),
 (126,7,32,0.85,NULL,0),
 (127,7,2,0.8,NULL,1),
 (129,7,31,0.9,NULL,1),
 (130,7,33,0.95,NULL,1),
 (131,7,22,1.0,NULL,1),
 (132,7,35,0.9,NULL,0),
 (134,7,21,1.0,NULL,1),
 (135,8,1,1.0,NULL,1),
 (136,8,32,0.85,NULL,0),
 (137,8,2,0.8,NULL,1),
 (138,8,31,0.9,NULL,1),
 (139,8,33,0.9,NULL,1),
 (140,8,22,1.0,NULL,1),
 (141,8,35,0.8,NULL,0),
 (143,33,1,1.0,NULL,1),
 (144,9,1,1.0,NULL,1),
 (145,9,32,0.85,NULL,0),
 (146,9,2,0.85,NULL,1),
 (148,9,31,0.9,NULL,1),
 (149,9,33,0.95,NULL,1),
 (150,9,22,1.0,NULL,1),
 (151,9,35,0.8,NULL,0),
 (153,9,21,1.0,NULL,1),
 (155,10,1,1.0,NULL,1),
 (156,10,32,0.8,NULL,0),
 (157,10,2,0.75,NULL,0),
 (158,10,31,0.95,NULL,0),
 (159,10,33,0.9,NULL,1),
 (160,10,22,0.95,NULL,1),
 (161,10,35,0.95,NULL,0),
 (162,10,10,1.0,NULL,0),
 (163,10,10,1.0,NULL,0),
 (164,10,30,1.0,NULL,0),
 (165,10,30,1.0,NULL,0),
 (166,10,8,1.0,NULL,0),
 (167,10,19,1.0,NULL,0),
 (169,20,32,0.8,NULL,1),
 (170,20,2,0.75,NULL,1),
 (171,20,31,0.9,NULL,1),
 (172,20,33,0.95,NULL,1),
 (173,1,1,1.0,NULL,1),
 (174,1,32,0.85,NULL,0),
 (175,1,2,0.8,NULL,1),
 (176,1,31,0.95,NULL,0),
 (177,1,33,0.9,NULL,1),
 (178,1,22,0.95,NULL,1),
 (179,1,35,0.95,NULL,0),
 (180,1,10,1.0,NULL,0),
 (181,1,10,1.0,NULL,0),
 (182,1,30,1.0,NULL,0),
 (183,1,30,1.0,NULL,0),
 (184,1,8,1.0,NULL,0),
 (185,1,19,1.0,NULL,0),
 (187,20,1,1.0,NULL,1),
 (188,21,1,1.0,NULL,1),
 (189,3,1,1.0,NULL,1),
 (190,11,1,1.0,NULL,1),
 (191,15,1,1.0,NULL,1),
 (192,13,1,1.0,NULL,1),
 (193,24,1,1.0,NULL,1),
 (194,14,1,1.0,NULL,1),
 (195,39,1,1.0,NULL,1),
 (196,16,1,1.0,NULL,1),
 (203,28,1,1.0,0.0,1),
 (204,29,1,1.0,0.27,1),
 (205,30,1,1.0,0.2,1),
 (206,6,21,1.0,NULL,1),
 (212,31,1,1.0,NULL,1),
 (214,1,21,1.0,NULL,1),
 (215,22,4,1.0,0.2,1),
 (216,22,4,1.0,0.2,1),
 (217,22,20,1.0,0.21,1),
 (218,22,47,1.0,0.2,1),
 (219,22,49,1.0,0.2,1),
 (220,22,40,1.0,0.2,1),
 (223,23,1,1.0,0.2,1);
INSERT INTO "m_n_crops_covercrop_tb" ("m_n_crops_covercrop_id","kultur","crop_id","covercrop_id","mosab_id") VALUES (1,'ABO',17,1,4),
 (2,'DIN',1,1,0),
 (3,'FER',18,1,4),
 (4,'FRU',11,1,4),
 (5,'GLU',19,1,4),
 (6,'HAF',2,1,4),
 (7,'HEG',20,1,0),
 (8,'KMA',3,1,4),
 (9,'LKS',22,1,3),
 (10,'LKZ',23,2,1),
 (11,'LZ0',24,1,0),
 (12,'LZG',25,1,3),
 (13,'LZH',26,1,3),
 (14,'LZS',27,1,3),
 (15,'LZX',28,2,1),
 (16,'LZY',29,2,1),
 (17,'LZZ',30,2,1),
 (18,'ST0',31,1,0),
 (19,'ST1',32,3,2),
 (20,'SBO',21,1,4),
 (21,'SGE',4,1,4),
 (22,'SKA',12,1,4),
 (23,'SMA',5,1,4),
 (24,'SPM',13,1,4),
 (25,'STR',14,1,4),
 (26,'SWE',6,1,4),
 (27,'TRI',7,1,0),
 (28,'WGE',8,1,0),
 (29,'WRA',33,1,0),
 (30,'WRO',9,1,0),
 (31,'WWE',10,1,0),
 (32,'ZRU',15,1,4),
 (33,'ZWI',16,1,4),
 (34,'ABO',17,2,4),
 (35,'FER',18,2,4),
 (36,'FRU',11,2,4),
 (37,'GLU',19,2,4),
 (38,'HAF',2,2,4),
 (39,'KMA',3,2,4),
 (40,'LKS',22,3,3),
 (41,'LZG',25,3,3),
 (42,'LZH',26,3,3),
 (43,'LZS',27,3,3),
 (44,'SBO',21,2,4),
 (45,'SGE',4,2,4),
 (46,'SKA',12,2,4),
 (47,'SMA',5,2,4),
 (48,'SPM',13,2,4),
 (49,'STR',14,2,4),
 (50,'SWE',6,2,4),
 (51,'ZRU',15,2,4),
 (52,'ZWI',16,2,4),
 (53,'ABO',17,3,4),
 (54,'FER',18,3,4),
 (55,'FRU',11,3,4),
 (56,'GLU',19,3,4),
 (57,'HAF',2,3,4),
 (58,'KMA',3,3,4),
 (59,'SBO',21,3,4),
 (60,'SGE',4,3,4),
 (61,'SKA',12,3,4),
 (62,'SMA',5,3,4),
 (63,'SPM',13,3,4),
 (64,'STR',14,3,4),
 (65,'SWE',6,3,4),
 (66,'ZRU',15,3,4),
 (67,'ZWI',16,3,4);
INSERT INTO "manure_liquid_solid_type_tb" ("manure_liquid_solid_type_id","name_de","name_en","name_fr") VALUES (1,'fest','solid','solide'),
 (2,'flüssig','liquid','liquide'),
 (3,'fest und flüssig','solid and liquid','* TRIAL * TRIAL *'),
 (4,'keine Düngung','none','aucune');
INSERT INTO "manure_types_tb" ("manure_types_id","name_de","name_en","name_fr","description","exists_as_solid_manure","exists_as_liquid_manure") VALUES (1,'Rind','cattle','bovin',NULL,NULL,NULL),
 (2,'Schwein','hogs','porc',NULL,NULL,NULL),
 (3,'* TRIAL ','fowl','volaille',NULL,NULL,NULL);
INSERT INTO "manure_liquid_standardvalues_tb" ("manure_liquid_standardvalues_id","manure_type_id","dry_mass","n_content_kg_per_m3","n_availability_percent","n_loss_percent","p_content_kg_per_t","k_content_kg_per_t") VALUES (1,1,6.5,3.5,45,18,0.5,5.5),
 (2,2,14.0,6.9,55,14,3.1,2.2);
INSERT INTO "manure_rotting_tb" ("manure_rotting_id","name_de","name_en","name_fr","description") VALUES (1,'frisch','fresh',NULL,NULL),
 (2,'gerottet','rotted',NULL,NULL),
 (3,'kompostiert','* TRIAL *',NULL,NULL);
INSERT INTO "manure_solid_standardvalues_tb" ("manure_solid_standardvalues_id","manure_type_id","manure_solid_rotting_id","dry_mass","n_content_kg_per_t","n_availability_percent","n_loss_percent","p_content_kg_per_t","k_content_kg_per_t") VALUES (1,1,1,20.0,4.0,20.0,14.0,1.2,4.6),
 (2,1,2,22.0,5.0,13.0,10.0,1.2,6.6),
 (3,2,1,23.0,6.0,17.0,10.0,2.6,7.3),
 (4,3,1,43.0,16.0,60.0,17.0,5.5,8.8),
 (5,2,2,20.0,30.0,0.0,0.0,2.5,5.0);
INSERT INTO "n_delivery_tb" ("n_delivery_id","name_de","name_en","name_fr") VALUES (1,'geringe N-Lieferung','low N-supply','* TRIAL * TRIAL * TRIA'),
 (2,'hohe N-Lieferung','high N-supply','apport élevé de azote');
INSERT INTO "n_fixation_factor_tb" ("n_fixation_factor_id","crop_id","kultur","correction_factor_harvest_losses","dry_substance","pure_stand","ndfa","legume_ratio","n_in_dry_mass_legumes","ndfa_legumes_a","ndfa_legumes_b","n_in_dry_mass_non_legumes","ndfa_non_legumes_a","ndfa_non_legumes_b","ndfa_non_legumes_c","ratio_yield_root_residues","n_in_residues","annotations") VALUES (1,17,'ABO',1.0,0.860000014305,1,0.75,1.0,4.5,0.0,0.0,0.0,0.0,0.0,0.0,1.79999995232,1.60000002384,NULL),
 (2,18,'FER',1.0,0.860000014305,1,0.75,1.0,4.0,0.0,0.0,0.0,0.0,0.0,0.0,2.0,1.60000002384,NULL),
 (3,19,'GLU',1.0,0.860000014305,1,0.75,1.0,4.5,0.0,0.0,0.0,0.0,0.0,0.0,2.0,1.60000002384,'neue Werte für BLU adaptiert! Ba. 17.09.03'),
 (4,NULL,'GLUalt',1.0,0.860000014305,1,0.699999988079,1.0,6.0,0.0,0.0,0.0,0.0,0.0,0.0,2.5,1.60000002384,NULL),
 (5,NULL,'GLUhoch',1.0,0.860000014305,1,0.850000023842,1.0,4.5,0.0,0.0,0.0,0.0,0.0,0.0,2.0,1.60000002384,'neue Werte für BLU adaptiert! Ba. 17.09.03'),
 (6,20,'HEG',1.0,0.860000014305,0,0.600000023842,0.699999988079,4.0,-0.189999997616,0.990000009537,0.0,0.0,0.0,0.0,2.0,1.60000002384,'* TRIAL * TRIAL * TRIAL * TRIAL * TRIAL *'),
 (7,45,'LKG',1.0,0.25,0,0.699999988079,0.699999988079,3.40000009537,-0.189999997616,0.990000009537,2.40000009537,0.347999989986,0.158999994397,9.9999997474e-05,0.75,2.20000004768,'Ndfa wird in Abf- N-Saldo nur zur Kalk. des Ndfs v'),
 (8,46,'LKH',1.5379999876,0.860000014305,0,0.699999988079,0.699999988079,3.40000009537,-0.189999997616,0.990000009537,2.40000009537,0.347999989986,0.158999994397,9.9999997474e-05,0.75,2.20000004768,NULL),
 (9,22,'LKS',1.17599999905,0.34999999404,0,0.699999988079,0.699999988079,3.40000009537,-0.189999997616,0.990000009537,2.40000009537,0.347999989986,0.158999994397,9.9999997474e-05,0.75,2.20000004768,NULL),
 (10,34,'LKU',1.0,0.25,0,0.699999988079,0.699999988079,3.40000009537,-0.189999997616,0.990000009537,2.40000009537,0.347999989986,0.158999994397,9.9999997474e-05,1.0,2.20000004768,'* TRIAL * TRIAL * TRIAL * TRIAL * TRIAL * T'),
 (11,23,'LKZ',1.17599999905,0.34999999404,0,0.699999988079,0.699999988079,3.40000009537,-0.189999997616,0.990000009537,2.40000009537,0.347999989986,0.158999994397,9.9999997474e-05,0.75,2.20000004768,NULL),
 (12,24,'LZ0',1.0,0.25,0,0.699999988079,0.699999988079,3.40000009537,-0.189999997616,0.990000009537,2.20000004768,0.347999989986,0.158999994397,9.9999997474e-05,1.10000002384,2.0,NULL),
 (13,25,'LZG',1.0,0.25,0,0.699999988079,0.699999988079,3.40000009537,-0.189999997616,0.990000009537,2.40000009537,0.347999989986,0.158999994397,9.9999997474e-05,1.10000002384,2.0,'Ndfa wird in Abf- N-Saldo nur zur Kalk. des Ndfs v'),
 (14,26,'LZH',1.38999998569,0.620000004768,0,0.699999988079,0.699999988079,3.0,-0.189999997616,0.990000009537,2.40000009537,0.347999989986,0.158999994397,9.9999997474e-05,1.10000002384,2.0,'Ndfa wird in Abf- N-Saldo nur zur Kalk. des Ndfs v'),
 (15,27,'LZS',1.25,0.439999997616,0,0.699999988079,0.699999988079,3.0,-0.189999997616,0.990000009537,2.40000009537,0.347999989986,0.158999994397,9.9999997474e-05,1.10000002384,2.0,'* TRIAL * TRIAL * TRIAL * TRIAL * TRIAL * TRIAL * '),
 (16,28,'LZX',1.0,0.25,0,0.699999988079,0.699999988079,3.40000009537,-0.189999997616,0.990000009537,2.40000009537,0.347999989986,0.158999994397,9.9999997474e-05,1.10000002384,2.0,'Ndfa wird in Abf- N-Saldo nur zur Kalk. des Ndfs v'),
 (17,29,'LZY',1.38999998569,0.620000004768,0,0.699999988079,0.699999988079,3.0,-0.189999997616,0.990000009537,2.40000009537,0.347999989986,0.158999994397,9.9999997474e-05,1.10000002384,2.0,'* TRIAL * TRIAL * TRIAL * TRIAL * TRIAL * TRIAL * '),
 (18,30,'LZZ',1.25,0.439999997616,0,0.699999988079,0.699999988079,3.0,-0.189999997616,0.990000009537,2.40000009537,0.347999989986,0.158999994397,9.9999997474e-05,1.10000002384,2.0,'Ndfa wird in Abf- N-Saldo nur zur Kalk. des Ndfs v'),
 (19,21,'SBO',1.0,0.860000014305,1,0.75,1.0,4.5,0.0,0.0,0.0,0.0,0.0,0.0,2.0,1.60000002384,'von GLU übernommen JB 14.06.2016'),
 (20,31,'ST0',1.0,0.25,0,0.699999988079,0.800000011921,3.20000004768,-0.189999997616,0.990000009537,2.20000004768,0.347999989986,0.158999994397,9.9999997474e-05,0.75,2.20000004768,NULL),
 (21,NULL,'ST080',1.0,0.25,0,0.899999976158,0.600000023842,3.20000004768,-0.189999997616,0.990000009537,2.20000004768,0.347999989986,0.158999994397,9.9999997474e-05,0.75,2.20000004768,NULL),
 (22,32,'ST1',1.0,0.25,0,0.899999976158,0.600000023842,3.20000004768,-0.375,0.975000023842,2.20000004768,0.347999989986,0.158999994397,9.9999997474e-05,0.75,2.20000004768,NULL),
 (23,NULL,'ST180',1.0,0.25,0,0.699999988079,0.800000011921,3.20000004768,-0.375,0.975000023842,2.20000004768,0.347999989986,0.158999994397,9.9999997474e-05,0.75,2.20000004768,NULL);
INSERT INTO "n_fixation_us_tb" ("n_fix_us_id","leg_ant","leg_ant_us","kultur","dry_mass","yield_dt_us_1","yield_dt_us_koerner_leguminosen","yield_dt_us_koerner_leguminosen_o","corr_st0_lz0","yield_dt_us_cereal_o","yield_dt_us_sma_kma_ska","yield_dt_cc","yield_dt_us","n_fix_us_neu","n_fix_us","n_fix_cc","n_fix_us_cc","n_uptake_us","n_uptake_us_vol","p_uptake_us","k_uptake_us","crop_id","n_fixation_us_covercrop_id") VALUES (1,0.7,0.0,'TRI',0.25,0.0,0.0,0.0,1,0.0,0.0,0.0,0.0,0.0,0.0,NULL,0.0,0.0,0.0,0.0,0.0,7,1),
 (2,0.0,0.0,'HAF',0.25,0.0,0.0,0.0,1,0.0,0.0,27.132,0.0,0.0,0.0,NULL,18.4,0.0,0.0,0.0,0.0,2,2),
 (3,0.0,0.5,'FRU',0.25,0.0,0.0,34.5933,1,0.0,0.0,0.0,0.0,0.0,0.0,NULL,0.0,0.0,0.0,0.0,0.0,11,3),
 (4,0.7,0.0,'LZX',0.25,0.0,0.0,0.0,1,0.0,0.0,0.0,0.0,0.0,0.0,NULL,0.0,0.0,0.0,0.0,0.0,28,2),
 (5,0.7,0.0,'FER',0.25,0.0,0.0,0.0,1,0.0,0.0,0.0,0.0,0.0,0.0,NULL,0.0,0.0,0.0,0.0,0.0,18,1),
 (6,0.7,0.7,'SPM',0.25,0.0,0.0,0.0,1,0.0,20.349,0.0,20.349,18.1,18.1,NULL,18.1,0.0,15.8,0.0,0.0,13,3),
 (7,0.7,0.7,'GLU',0.25,0.0,0.0,0.0,1,0.0,0.0,0.0,0.0,0.0,0.0,NULL,0.0,0.0,0.0,0.0,0.0,19,1),
 (8,0.7,0.0,'ABO',0.25,0.0,0.0,0.0,1,0.0,0.0,0.0,0.0,0.0,0.0,NULL,0.0,0.0,0.0,0.0,0.0,17,1),
 (9,0.7,0.0,'HAF',0.25,0.0,0.0,0.0,1,0.0,0.0,27.132,0.0,0.0,0.0,NULL,18.4,0.0,0.0,0.0,0.0,2,2),
 (10,0.7,0.7,'LZX',0.25,0.0,0.0,0.0,1,0.0,0.0,0.0,0.0,0.0,0.0,NULL,0.0,0.0,0.0,0.0,0.0,28,2),
 (11,0.0,0.5,'HAF',0.25,0.0,0.0,34.5933,1,0.0,0.0,0.0,0.0,0.0,0.0,NULL,0.0,0.0,0.0,0.0,0.0,2,3),
 (12,0.7,0.7,'HAF',0.25,0.0,0.0,0.0,1,0.0,0.0,0.0,0.0,0.0,0.0,NULL,0.0,0.0,0.0,0.0,0.0,2,1),
 (13,0.7,0.7,'GLU',0.25,0.0,0.0,0.0,1,0.0,0.0,27.132,0.0,0.0,0.0,NULL,18.4,0.0,0.0,0.0,0.0,19,2),
 (14,0.7,0.7,'DIn',0.25,0.0,0.0,0.0,1,0.0,0.0,0.0,0.0,0.0,0.0,NULL,0.0,0.0,0.0,0.0,0.0,1,1),
 (15,0.7,0.7,'LZZ',0.25,0.0,0.0,0.0,1,0.0,0.0,0.0,0.0,0.0,0.0,NULL,0.0,0.0,0.0,0.0,0.0,30,2),
 (16,0.7,0.0,'WRO',0.25,0.0,0.0,0.0,1,0.0,0.0,0.0,0.0,0.0,0.0,NULL,0.0,0.0,0.0,0.0,0.0,9,1),
 (17,0.0,0.0,'FRU',0.25,0.0,0.0,0.0,1,0.0,0.0,0.0,0.0,0.0,0.0,NULL,0.0,0.0,0.0,0.0,0.0,11,1),
 (18,0.7,0.7,'HAF',0.25,0.0,0.0,0.0,1,0.0,0.0,27.132,0.0,0.0,0.0,NULL,18.4,0.0,0.0,0.0,0.0,2,2),
 (19,0.7,0.7,'ST0',0.25,0.0,0.0,0.0,0,0.0,0.0,0.0,0.0,0.0,0.0,NULL,0.0,0.0,0.0,0.0,0.0,31,1),
 (20,0.7,0.7,'LKS',0.25,40.698,0.0,0.0,1,0.0,0.0,0.0,40.698,36.2,36.2,NULL,36.2,26.8,0.0,2.9,11.3,22,3),
 (21,0.7,0.0,'SWE',0.25,0.0,0.0,0.0,1,0.0,0.0,27.132,0.0,0.0,0.0,NULL,18.4,0.0,0.0,0.0,0.0,6,2),
 (22,0.7,0.0,'HAF',0.25,0.0,0.0,0.0,1,0.0,0.0,0.0,0.0,0.0,0.0,NULL,0.0,0.0,0.0,0.0,0.0,2,3),
 (23,0.0,0.0,'TRI',0.25,0.0,0.0,0.0,1,0.0,0.0,0.0,0.0,0.0,0.0,NULL,0.0,0.0,0.0,0.0,0.0,7,1),
 (24,0.7,0.7,'FER',0.25,40.698,0.0,0.0,1,40.698,0.0,0.0,40.698,36.2,36.2,NULL,36.2,0.0,31.5,0.0,0.0,18,3),
 (25,0.7,0.7,'SGE',0.25,0.0,0.0,0.0,1,0.0,0.0,27.132,0.0,0.0,0.0,NULL,18.4,0.0,0.0,0.0,0.0,4,2),
 (26,0.7,0.7,'LKZ',0.25,0.0,0.0,0.0,1,0.0,0.0,0.0,0.0,0.0,0.0,NULL,0.0,0.0,0.0,0.0,0.0,23,2),
 (27,0.0,0.0,'HAF',0.25,0.0,0.0,0.0,1,0.0,0.0,0.0,0.0,0.0,0.0,NULL,0.0,0.0,0.0,0.0,0.0,2,1),
 (28,0.7,0.0,'HAF',0.25,0.0,0.0,0.0,1,0.0,0.0,0.0,0.0,0.0,0.0,NULL,0.0,0.0,0.0,0.0,0.0,2,1),
 (29,0.7,0.0,'LZY',0.25,0.0,0.0,0.0,1,0.0,0.0,0.0,0.0,0.0,0.0,NULL,0.0,0.0,0.0,0.0,0.0,29,2),
 (30,0.0,0.5,'SPM',0.25,0.0,0.0,34.5933,1,0.0,0.0,0.0,0.0,0.0,0.0,NULL,0.0,0.0,0.0,0.0,0.0,13,3),
 (31,0.7,0.7,'SMA',0.25,40.698,0.0,0.0,1,40.698,0.0,0.0,40.698,36.2,36.2,NULL,36.2,0.0,31.5,0.0,0.0,5,3),
 (32,0.7,0.0,'SWE',0.25,0.0,0.0,0.0,1,0.0,0.0,0.0,0.0,0.0,0.0,NULL,0.0,0.0,0.0,0.0,0.0,6,1),
 (33,0.7,0.7,'HAF',0.25,40.698,0.0,0.0,1,40.698,0.0,0.0,40.698,36.2,36.2,NULL,36.2,0.0,31.5,0.0,0.0,2,3),
 (34,0.7,0.7,'FRU',0.25,0.0,0.0,0.0,1,0.0,20.349,0.0,20.349,18.1,18.1,NULL,18.1,0.0,15.8,0.0,0.0,11,1),
 (35,0.7,0.7,'SMA',0.25,0.0,0.0,0.0,1,0.0,25.43625,0.0,25.43625,22.7,22.7,NULL,22.7,0.0,19.7,0.0,0.0,5,3),
 (36,0.7,0.7,'LKS',0.25,0.0,0.0,0.0,1,0.0,0.0,0.0,0.0,0.0,0.0,NULL,0.0,0.0,0.0,0.0,0.0,22,1),
 (37,0.7,0.7,'SKA',0.25,0.0,0.0,0.0,1,0.0,20.349,0.0,20.349,18.1,18.1,NULL,18.1,0.0,15.8,0.0,0.0,12,3),
 (38,0.7,0.0,'DIn',0.25,0.0,0.0,0.0,1,0.0,0.0,0.0,0.0,0.0,0.0,NULL,0.0,0.0,0.0,0.0,0.0,1,1),
 (39,0.0,0.0,'DIn',0.25,0.0,0.0,0.0,1,0.0,0.0,0.0,0.0,0.0,0.0,NULL,0.0,0.0,0.0,0.0,0.0,1,1),
 (40,0.0,0.0,'WRO',0.25,0.0,0.0,0.0,1,0.0,0.0,0.0,0.0,0.0,0.0,NULL,0.0,0.0,0.0,0.0,0.0,9,1),
 (41,0.7,0.7,'KMA',0.25,0.0,0.0,0.0,1,0.0,0.0,0.0,0.0,0.0,0.0,NULL,0.0,0.0,0.0,0.0,0.0,3,1),
 (42,0.0,0.5,'HAF',0.25,0.0,34.5933,0.0,1,0.0,0.0,0.0,34.5933,0.0,23.4,NULL,23.4,22.8,0.0,2.4,9.6,2,3),
 (43,0.7,0.0,'SGE',0.25,0.0,0.0,0.0,1,0.0,0.0,0.0,0.0,0.0,0.0,NULL,0.0,0.0,0.0,0.0,0.0,4,1),
 (44,0.7,0.7,'FER',0.25,0.0,0.0,0.0,1,0.0,0.0,27.132,0.0,0.0,0.0,NULL,18.4,0.0,0.0,0.0,0.0,18,2),
 (45,0.0,0.5,'SGE',0.25,0.0,0.0,34.5933,1,0.0,0.0,0.0,0.0,0.0,0.0,NULL,0.0,0.0,0.0,0.0,0.0,4,3),
 (46,0.7,0.7,'WRO',0.25,0.0,0.0,0.0,1,0.0,0.0,0.0,0.0,0.0,0.0,NULL,0.0,0.0,0.0,0.0,0.0,9,1),
 (47,0.7,0.7,'GLU',0.25,40.698,0.0,0.0,1,40.698,0.0,0.0,40.698,36.2,36.2,NULL,36.2,0.0,31.5,0.0,0.0,19,3),
 (48,0.7,0.7,'ABO',0.25,40.698,0.0,0.0,1,40.698,0.0,0.0,40.698,36.2,36.2,NULL,36.2,0.0,31.5,0.0,0.0,17,3),
 (49,0.7,0.7,'HEG',0.25,0.0,0.0,0.0,1,0.0,0.0,0.0,0.0,0.0,0.0,NULL,0.0,0.0,0.0,0.0,0.0,20,1),
 (50,0.7,0.7,'ST1',0.25,40.698,0.0,0.0,1,0.0,0.0,0.0,40.698,36.2,36.2,NULL,36.2,0.0,31.5,0.0,0.0,32,3),
 (51,0.0,0.0,'SGE',0.25,0.0,0.0,0.0,1,0.0,0.0,0.0,0.0,0.0,0.0,NULL,0.0,0.0,0.0,0.0,0.0,4,1),
 (52,0.7,0.7,'FER',0.25,0.0,0.0,0.0,1,0.0,0.0,0.0,0.0,0.0,0.0,NULL,0.0,0.0,0.0,0.0,0.0,18,1),
 (53,0.7,0.0,'GLU',0.25,0.0,0.0,0.0,1,0.0,0.0,0.0,0.0,0.0,0.0,NULL,0.0,0.0,0.0,0.0,0.0,19,1),
 (54,0.7,0.7,'LZY',0.25,0.0,0.0,0.0,1,0.0,0.0,0.0,0.0,0.0,0.0,NULL,0.0,0.0,0.0,0.0,0.0,29,2),
 (55,0.0,0.0,'FRU',0.25,0.0,0.0,0.0,1,0.0,0.0,27.132,0.0,0.0,0.0,NULL,18.4,0.0,0.0,0.0,0.0,11,2),
 (56,0.7,0.7,'TRI',0.25,0.0,0.0,0.0,1,0.0,0.0,0.0,0.0,0.0,0.0,NULL,0.0,0.0,0.0,0.0,0.0,7,1),
 (57,0.7,0.7,'ABO',0.25,0.0,0.0,0.0,1,0.0,0.0,0.0,0.0,0.0,0.0,NULL,0.0,0.0,0.0,0.0,0.0,17,1),
 (58,0.0,0.0,'DIn',0.25,0.0,0.0,0.0,1,0.0,0.0,27.132,0.0,0.0,0.0,NULL,18.4,0.0,0.0,0.0,0.0,1,2),
 (59,0.7,0.7,'SGE',0.25,0.0,0.0,0.0,1,0.0,0.0,0.0,0.0,0.0,0.0,NULL,0.0,0.0,0.0,0.0,0.0,4,1);
INSERT INTO "n_need_n_fix_us_tb" ("n_need_n_fix_us_id","kult","opr","n_need_per_dt","n_need_per_t","crop_id","production_system_id") VALUES (1,'SMA',1,0.4095,4.095,5,2),
 (2,'SWE',1,2.0339,20.339,6,2),
 (3,'TRI',1,1.8275,18.275,7,2),
 (4,'SGE',1,1.7329,17.329,4,2),
 (5,'LKS',1,1.022,10.22,22,2),
 (6,'LKG',1,0.775,7.75,45,2),
 (7,'GLU',1,4.472,44.72,19,2),
 (8,'HAF',1,1.8275,18.275,2,2),
 (9,'WWE',1,1.9307,19.307,10,2),
 (10,'ZRU',1,0.7394,7.394,15,2),
 (11,'HEG',0,3.9044,39.044,20,2),
 (12,'LKH',1,2.176,21.76,46,2),
 (13,'GRO',0,NULL,NULL,48,2),
 (14,'KLG',0,NULL,NULL,50,2),
 (15,'WGE',1,1.8275,18.275,8,2),
 (16,'KLS',0,NULL,NULL,51,2),
 (17,'WGR',0,NULL,NULL,43,2),
 (18,'WLU',0,NULL,NULL,44,2),
 (19,'WRO',1,1.8877,18.877,9,2),
 (20,'LZH',1,1.674,16.74,26,2),
 (21,'STR',0,0.8745,8.745,14,2),
 (22,'ZWI',1,0.3906,3.906,16,2),
 (23,'FRU',1,0.52506,5.2506,11,2),
 (24,'SBO',1,6.404,64.04,21,2),
 (25,'LZ0',1,0.775,7.75,24,2),
 (26,'LZX',1,0.775,7.75,28,2),
 (27,'LZY',1,1.674,16.74,29,2),
 (28,'LZZ',1,1.254,12.54,30,2),
 (29,'LUP',0,NULL,NULL,55,2),
 (30,'KGR',0,NULL,NULL,49,2),
 (31,'LKU',0,NULL,NULL,34,2),
 (32,'DIN',0,1.85846,18.5846,1,2),
 (33,'SPM',1,1.351,13.51,13,2),
 (34,'KMA',1,2.2954,22.954,3,2),
 (35,'SRA',0,NULL,NULL,42,2),
 (36,'ST1',1,0.675,6.75,32,2),
 (37,'WRA',1,5.0596,50.596,33,2),
 (38,'KNG',0,NULL,NULL,52,2),
 (39,'LU1',0,NULL,NULL,53,2),
 (40,'LU2',0,NULL,NULL,54,2),
 (41,'LZG',1,0.775,7.75,25,2),
 (42,'LZS',1,1.254,12.54,27,2),
 (43,'OLE',1,4.0983,40.983,38,2),
 (44,'SBL',1,5.4024,54.024,39,2),
 (45,'SEN',0,NULL,NULL,40,2),
 (46,'ABO',1,4.74548,47.4548,17,2),
 (47,'BRA',1,0.0,0.0,47,2),
 (48,'ST0',1,0.675,6.75,31,2),
 (49,'ST2',0,0.675,6.75,78,2),
 (50,'BGE',0,NULL,NULL,35,2),
 (51,'SKA',1,0.4202,4.202,12,2),
 (52,'FER',1,5.3062,53.062,18,2),
 (53,'SGF',0,NULL,NULL,41,2),
 (54,'FLE',0,NULL,NULL,37,2),
 (55,'LKZ',1,1.022,10.22,23,2);
INSERT INTO "n_need_tb" ("kult","opr","n_need_per_dt","n_need_per_t","crop_id","n_need_id","production_system_id") VALUES ('GLU',1,4472.0,4472.0,19,1,2),
 ('BGE',0,NULL,NULL,35,2,2),
 ('FER',1,53062.0,53062.0,18,3,2),
 ('SGF',0,NULL,NULL,41,4,2),
 ('FLE',0,NULL,NULL,37,5,2),
 ('GRO',0,NULL,NULL,48,6,2),
 ('HAF',1,18275.0,18275.0,2,7,2),
 ('KGR',0,NULL,NULL,49,8,2),
 ('KLG',0,NULL,NULL,50,9,2),
 ('KLS',0,NULL,NULL,51,10,2),
 ('KMA',1,22954.0,22954.0,3,11,2),
 ('KNG',0,NULL,NULL,52,12,2),
 ('LU1',0,NULL,NULL,53,13,2),
 ('LU2',0,NULL,NULL,54,14,2),
 ('LUP',0,NULL,NULL,55,15,2),
 ('LZG',1,775.0,775.0,25,16,2),
 ('LZS',1,1254.0,1254.0,27,17,2),
 ('OLE',1,40983.0,40983.0,38,18,2),
 ('SBL',1,54024.0,54024.0,39,19,2),
 ('SEN',0,NULL,NULL,40,20,2),
 ('SGE',1,17329.0,17329.0,4,21,2),
 ('LKG',1,775.0,775.0,45,22,2),
 ('LKS',1,1022.0,1022.0,22,23,2),
 ('LKH',1,2176.0,2176.0,46,24,2),
 ('ABO',1,474548.0,474548.0,17,25,2),
 ('BRA',1,0.0,0.0,47,26,2),
 ('ST0',1,675.0,675.0,31,27,2),
 ('ST1',1,675.0,675.0,32,28,2),
 ('ST2',0,675.0,675.0,78,29,2),
 ('LKU',0,775.0,775.0,34,30,2),
 ('SKA',1,4202.0,4202.0,12,31,2),
 ('SMA',1,351.0,351.0,5,32,2),
 ('SRA',0,NULL,NULL,42,33,2),
 ('SWE',1,20339.0,20339.0,6,34,2),
 ('TRI',1,18275.0,18275.0,7,35,2),
 ('WGE',1,18275.0,18275.0,8,36,2),
 ('WGR',0,NULL,NULL,43,37,2),
 ('WLU',0,NULL,NULL,44,38,2),
 ('WRA',1,50596.0,50596.0,33,39,2),
 ('WRO',1,18877.0,18877.0,9,40,2),
 ('WWE',1,19307.0,19307.0,10,41,2),
 ('ZRU',1,7394.0,7394.0,15,42,2),
 ('HEG',0,39044.0,39044.0,20,43,2),
 ('DIN',0,185846.0,185846.0,1,44,2),
 ('LZH',1,1674.0,1674.0,26,45,2),
 ('STR',0,8745.0,8745.0,14,46,2),
 ('ZWI',1,3906.0,3906.0,16,47,2),
 ('FRU',1,52506.0,52506.0,11,48,2),
 ('SBO',1,6404.0,6404.0,21,49,2),
 ('LZ0',1,775.0,775.0,24,50,2),
 ('LZX',1,775.0,775.0,28,51,2),
 ('LZY',1,1674.0,1674.0,29,52,2),
 ('LZZ',1,1254.0,1254.0,30,53,2),
 ('SPM',1,1351.0,1351.0,13,54,2),
 ('LKZ',1,1022.0,1022.0,23,55,2);
INSERT INTO "projects_tb" ("projects_id","projects_user","projects_name","project_last_changed","dict_tab_general","dict_tab_manure","dict_tab_rotation","results","result_temp","dict_tab_free_generation","dict_tab_epm","ui_status_tabs","result_general") VALUES (413,NULL,'* TRIAL * TRIAL * TRIAL * TRIAL * TRIAL * TRIAL * TRIAL ','2021-06-10T16:16:07','{"production_system_id": 2, "rotation_duration": 3, "precipitation": 956, "precipitation_winter_selected": false, "precipitation_winter": 0, "soil_index": 30, "soil_quality_by_soil_index": true, "assessment_method": 2, "soc_method": 2, "soil_advanced_parameters_selected": true, "soil_mineralisation": null, "soil_organic_matter": 1.3000000000000003, "soil_c_n_ratio": null, "soil_topsoil_depth": null, "soil_stoneratio": null, "soil_bulk_density": null, "atmospheric_n_input": 12, "red_area": false, "overall_yield_adjustment": 0, "production_system": 2}','* TRIAL * TRIAL * TRIAL * TRIAL * TRIAL * TRIAL * TRIAL * TRIAL * TRIAL * TRIAL * TRIAL * TRIAL * TRIAL * TRIAL * TRIAL * TRIAL * TRIAL * TRIAL * TRIAL * TRIAL * TRIAL * TRIAL * TRIAL * TRIAL * TRIAL * TRIAL * TRIAL * TRIAL * TRIAL * TRIAL * TRIAL * TRIAL * TRIAL * TRIAL * TRIAL * TRIAL * TRIAL * TRIAL * TRIAL * TRIAL * TRIAL * TRIAL * TRIAL * TRIAL * TRIAL * TRIAL * TRIAL * TRIAL * TRIAL * TRIAL * TRIAL * TRIAL * TRIAL * TRIAL * TRIAL * TRIAL * TRIAL * TRIAL * TRIAL * TRIAL * TRIAL','{"crop": [null, null, null, null, null, null, null, null, null, null], "crop_name": [null, null, null, null, null, null, null, null, null, null], "early_termination": [false, false, false, false, false, false, false, false, false, false], "crop_type": [null, null, null, null, null, null, null, null, null, null], "strawharvest": [false, false, false, false, false, false, false, false, false, false], "undersowing": [false, false, false, false, false, false, false, false, false, false], "undersowing_winterhardiness": [0, 0, 0, 0, 0, 0, 0, 0, 0, 0], "undersowing_legume_ratio": [10, 10, 10, 10, 10, 10, 10, 10, 10, 10], "covercrop": [false, false, false, false, false, false, false, false, false, false], "covercrop_id": [1, 1, 1, 1, 1, 1, 1, 1, 1, 1], "covercrop_winterhardiness": [0, 0, 0, 0, 0, 0, 0, 0, 0, 0], "covercrop_legume_ratio": [10, 10, 10, 10, 10, 10, 10, 10, 10, 10], "covercrop_harvest": [false, false, false, false, false, false, false, false, false, false], "use_std_manure_value": [true, true, true, true, true, true, true, true, true, true], "manure_liquid_solid_type_id": [4, 4, 4, 4, 4, 4, 4, 4, 4, 4], "manure_amount_solid": [50, 50, 50, 50, 50, 50, 50, 50, 50, 50], "manure_amount_liquid": [100, 100, 100, 100, 100, 100, 100, 100, 100, 100], "yield_adjustment": [0, 0, 0, 0, 0, 0, 0, 0, 0, 0]}','{"crop_rotation": [], "yield_cpa_dt": [0, 0, 0, 0, 0, 0, 0, 0, 0, 0], "yield_cpa_dt_organic_manure": [0, 0, 0, 0, 0, 0, 0, 0, 0, 0], "n_available_kg_per_ha": [0, 0, 0, 0, 0, 0, 0, 0, 0, 0], "p_available_kg_per_ha": [0, 0, 0, 0, 0, 0, 0, 0, 0, 0], "k_available_kg_per_ha": [0, 0, 0, 0, 0, 0, 0, 0, 0, 0], "delta_n_cpa": [0, 0, 0, 0, 0, 0, 0, 0, 0, 0], "n_fixation": [0, 0, 0, 0, 0, 0, 0, 0, 0, 0], "n_from_manure": [0, 0, 0, 0, 0, 0, 0, 0, 0, 0], "n_from_seeds": [0, 0, 0, 0, 0, 0, 0, 0, 0, 0], "n_removed_b_harvest": [0, 0, 0, 0, 0, 0, 0, 0, 0, 0], "n_leached": [0, 0, 0, 0, 0, 0, 0, 0, 0, 0], "n_volatilized": [0, 0, 0, 0, 0, 0, 0, 0, 0, 0], "n_need_crop_per_dt": [0, 0, 0, 0, 0, 0, 0, 0, 0, 0], "n_level": [1, 1, 1, 1, 1, 1, 1, 1, 1, 1], "yield_correction_factor_undersowing": [1, 1, 1, 1, 1, 1, 1, 1, 1, 1], "yield_cpa": [0, 0, 0, 0, 0, 0, 0, 0, 0, 0], "yield_cpa_manured": [0, 0, 0, 0, 0, 0, 0, 0, 0, 0], "yield_tot": [0, 0, 0, 0, 0, 0, 0, 0, 0, 0], "som_organic_manure_leithold": [0, 0, 0, 0, 0, 0, 0, 0, 0, 0], "ndfa_reduction": [1, 1, 1, 1, 1, 1, 1, 1, 1, 1], "n_mineralisation_som_pa": 0, "n_level_mineralisation_pa": 0, "ndf_soil": [0, 0, 0, 0, 0, 0, 0, 0, 0, 0], "coefficient_n_min": [0, 0, 0, 0, 0, 0, 0, 0, 0, 0], "n_need_per_dt": [0, 0, 0, 0, 0, 0, 0, 0, 0, 0], "weed_infestation_index_q": [0, 0, 0, 0, 0, 0, 0, 0, 0, 0], "weed_infestation_index_sa": [0, 0, 0, 0, 0, 0, 0, 0, 0, 0], "weed_infestation_index_wa": [0, 0, 0, 0, 0, 0, 0, 0, 0, 0], "est_probability_cc_us": [0, 0, 0, 0, 0, 0, 0, 0, 0, 0]}',NULL,'{"crop": [25, 20, 17, null, null, null, null, null, null, null], "crop_type": [0, 0, 0, 0, 0, 0, 0, 0, 0, 0], "crop_type_selection": [0, 0, 3, 0, 0, 0, 0, 0, 0, 0], "cb_generate_crop_recordset_1": [], "cb_generate_crop_recordset": [], "cb_generate_crop_type_1": [], "cb_generate_crop_type": [], "livestock_farming": false}','* TRIAL * TRIAL * TRIAL * TRIAL * TRIAL * TRIAL * TRIAL * TRIAL * TRIAL * TRIAL * TRIAL * TRIAL * TRIAL * TRIAL * TRIAL * TRIAL * TRIAL * TRIAL * TRIAL * TRIAL * TRIAL * TRIAL *','* TRIAL * TRIAL * TRIAL * TRIAL * TRIAL * TRIAL * TRIAL * TRIAL * TRIAL * TRIAL * TRIAL * TRIAL * TRIAL * TRIAL * TRIAL * TRIAL * TRIAL * TRIAL * TRIAL * TRIAL * TRIAL * TRIAL * TRIAL * TRIAL *','{"whc_rz": 0, "soil_rinsing": 0, "precipitation_level": 0, "precipitation_factor": 0, "n_amount_in_manure_solid": 0, "n_amount_in_manure_liquid": 0, "n_amount_available_in_manure_solid": 0, "n_amount_available_in_manure_liquid": 0, "p_from_manure": 0, "k_from_manure": 0}'),
 (414,NULL,'* TRIAL * TRIAL * TRIAL * TRIAL * TRIAL * TRIAL * TRIAL ','2021-06-15T11:07:42','{"production_system_id": 2, "rotation_duration": 6, "precipitation": 751, "precipitation_winter_selected": false, "precipitation_winter": 345, "soil_index": 67, "soil_quality_by_soil_index": true, "assessment_method": 1, "soc_method": 1, "soil_advanced_parameters_selected": true, "soil_mineralisation": null, "soil_organic_matter": null, "soil_c_n_ratio": null, "soil_topsoil_depth": null, "soil_stoneratio": null, "soil_bulk_density": null, "atmospheric_n_input": 14, "red_area": false, "overall_yield_adjustment": 0, "production_system": 2}','{"manure_solid_type": 1, "manure_solid_rotting": 1, "manure_solid_dry_matter": 20, "manure_solid_n_content": 4.0, "manure_solid_n_availability_percent": 20, "manure_solid_n_loss_percent": 14, "manure_solid_p_content": 1.2, "manure_solid_k_content": 7.4, "manure_liquid_type": 1, "manure_liquid_dry_matter": 4.0, "manure_liquid_n_content": 3.5, "manure_liquid_n_availability_percent": 45, "manure_liquid_n_loss_percent": 18, "manure_liquid_p_content": 0.5, "manure_liquid_k_content": 5.5}','{"crop": [25, 11, 24, 3, 18, 4, null, null, null, null], "crop_name": [null, null, null, null, null, null, null, null, null, null], "early_termination": [false, false, false, false, false, false, false, false, false, false], "crop_type": [4, 2, 4, 1, 3, 1, null, null, null, null], "strawharvest": [false, false, false, true, false, false, false, false, false, false], "undersowing": [false, false, false, false, true, true, false, false, false, false], "undersowing_winterhardiness": [0, 0, 0, 0, 0, 0, 0, 0, 0, 0], "undersowing_legume_ratio": [10, 10, 10, 10, 10, 10, 10, 10, 10, 10], "covercrop": [true, false, false, true, false, true, false, false, false, false], "covercrop_id": [3, 1, 1, 1, 1, 3, 1, 1, 1, 1], "covercrop_winterhardiness": [0, 0, 0, 0, 0, 0, 0, 0, 0, 0], "covercrop_legume_ratio": [10, 10, 10, 10, 10, 10, 10, 10, 10, 10], "covercrop_harvest": [false, false, false, false, false, false, false, false, false, false], "use_std_manure_value": [true, true, true, true, true, true, true, true, true, true], "manure_liquid_solid_type_id": [4, 4, 4, 4, 4, 4, 4, 4, 4, 4], "manure_amount_solid": [0, 0, 0, 0, 0, 0, 50, 50, 50, 50], "manure_amount_liquid": [0, 0, 0, 0, 0, 0, 100, 100, 100, 100], "yield_adjustment": [0, 0, 0, 0, 0, 0, 0, 0, 0, 0]}','* TRIAL * TRIAL * TRIAL * TRIAL * TRIAL * TRIAL * TRIAL * TRIAL * TRIAL * TRIAL * TRIAL * TRIAL * TRIAL * TRIAL * TRIAL * TRIAL * TRIAL * TRIAL * TRIAL * TRIAL * TRIAL * TRIAL * TRIAL * TRIAL * TRIAL * TRIAL * TRIAL * TRIAL * TRIAL * TRIAL * TRIAL * TRIAL * TRIAL * TRIAL * TRIAL * TRIAL * TRIAL * TRIAL * TRIAL * TRIAL * TRIAL * TRIAL * TRIAL * TRIAL * TRIAL * TRIAL * TRIAL * TRIAL * TRIAL * TRIAL * TRIAL * TRIAL * TRIAL * TRIAL * TRIAL * TRIAL * TRIAL * TRIAL * TRIAL * TRIAL * TRIAL * TRIAL * TRIAL * TRIAL * TRIAL * TRIAL * TRIAL * TRIAL * TRIAL * TRIAL * TRIAL * TRIAL * TRIAL * TRIAL * TRIAL * TRIAL * TRIAL * TRIAL * TRIAL * TRIAL * TRIAL * TRIAL * TRIAL * TRIAL * TRIAL * TRIAL * TRIAL * TRIAL * TRIAL * TRIAL * TRIAL * TRIAL * TRIAL * TRIAL * TRIAL * TRIAL * TRIAL * TRIAL * TRIAL * TRIAL * TRIAL * TRIAL * TRIAL * TRIAL * TRIAL * TRIAL * TRIAL * TRIAL * TRIAL * TRIAL * TRIAL * TRIAL * TRIAL * TRIAL * TRIAL * TRIAL * TRIAL * TRIAL * TRIAL * TRIAL * TRIAL * TRIAL * TRIAL * TRIAL * TRIAL * TRIAL * TRIAL * TRIAL * TRIAL * TRIAL * TRIAL * TRIAL * TRIAL * TRIAL * TRIAL * TRIAL * TRIAL * TRIAL * TRIAL * TRIAL * TRIAL * TRIAL * TRIAL * TRIAL * TRIAL * TRIAL * TRIAL * TRIAL * TRIAL * TRIAL * TRIAL * TRIAL * TRIAL * TRIAL * TRIAL * TRIAL * TRIAL * TRIAL * TRIAL * TRIAL * TRIAL * TRIAL * TRIAL * TRIAL * TRIAL * TRIAL * TRIAL * TRIAL * TRIAL * TRIAL * TRIAL * TRIAL * TRIAL * TRIAL * TRIAL * TRIAL * TRIAL * TRIAL * TRIAL * TRIAL * TRIAL * TRIAL * TRIAL * TRIAL * TRIAL * TRIAL * TRIAL * TRIAL * TRIAL *',NULL,'{"crop": [17, 17, 17, null, null, null, null, null, null, null], "crop_type": [0, 0, 0, 0, 0, 0, 0, 0, 0, 0], "crop_type_selection": [0, 0, 0, 0, 0, 0, 0, 0, 0, 0], "cb_generate_crop_recordset_1": [], "cb_generate_crop_recordset": [], "cb_generate_crop_type_1": [], "cb_generate_crop_type": [], "livestock_farming": false}','{"environmental_protection_measures_id": [1, 1, 1, 1, 1, 1, 1, 1, 1, 1], "tillage_id": [1, 1, 1, 1, 1, 1, 1, 1, 1, 1], "yield_correction_factor": [1, 1, 1, 1, 1, 1, 1, 1, 1, 1]}','{"tab_general_visible": true, "tab_rotation_visible": true, "tab_generator_visible": false, "tab_organic_manure_visible": false, "tab_epm_selection_visible": false, "tab_report_visible": false}','{"whc_rz": 0, "soil_rinsing": 0, "precipitation_level": 0, "precipitation_factor": 0, "n_amount_in_manure_solid": 0, "n_amount_in_manure_liquid": 0, "n_amount_available_in_manure_solid": 0, "n_amount_available_in_manure_liquid": 0, "p_from_manure": 0, "k_from_manure": 0}'),
 (415,NULL,'* TRIAL * TRIAL * TRIAL * TRIAL * TRIAL * TRIAL * TRIAL ','2021-06-15T12:31:49','{"production_system_id": 2, "rotation_duration": 3, "precipitation": 400, "precipitation_winter_selected": false, "precipitation_winter": 0, "soil_index": 30, "soil_quality_by_soil_index": true, "assessment_method": 1, "soc_method": 1, "soil_advanced_parameters_selected": false, "soil_mineralisation": 2.0, "soil_organic_matter": 0.9, "soil_c_n_ratio": 11, "soil_topsoil_depth": 1.5, "soil_stoneratio": 0, "soil_bulk_density": 30, "atmospheric_n_input": 12, "red_area": false, "overall_yield_adjustment": 0, "production_system": 2}','{"manure_solid_type": 1, "manure_solid_rotting": 1, "manure_solid_dry_matter": 20, "manure_solid_n_content": 4.0, "manure_solid_n_availability_percent": 20, "manure_solid_n_loss_percent": 14, "manure_solid_p_content": 1.2, "manure_solid_k_content": 7.4, "manure_liquid_type": 1, "manure_liquid_dry_matter": 4.0, "manure_liquid_n_content": 3.5, "manure_liquid_n_availability_percent": 45, "manure_liquid_n_loss_percent": 18, "manure_liquid_p_content": 0.5, "manure_liquid_k_content": 5.5}','* TRIAL * TRIAL * TRIAL * TRIAL * TRIAL * TRIAL * TRIAL * TRIAL * TRIAL * TRIAL * TRIAL * TRIAL * TRIAL * TRIAL * TRIAL * TRIAL * TRIAL * TRIAL * TRIAL * TRIAL * TRIAL * TRIAL * TRIAL * TRIAL * TRIAL * TRIAL * TRIAL * TRIAL * TRIAL * TRIAL * TRIAL * TRIAL * TRIAL * TRIAL * TRIAL * TRIAL * TRIAL * TRIAL * TRIAL * TRIAL * TRIAL * TRIAL * TRIAL * TRIAL * TRIAL * TRIAL * TRIAL * TRIAL * TRIAL * TRIAL * TRIAL * TRIAL * TRIAL * TRIAL * TRIAL * TRIAL * TRIAL * TRIAL * TRIAL * TRIAL * TRIAL * TRIAL * TRIAL * TRIAL * TRIAL * TRIAL * TRIAL * TRIAL * TRIAL * TRIAL * TRIAL * TRIAL * TRIAL * TRIAL * TRIAL * TRIAL * TRIAL * TRIAL * TRIAL * TRIAL * TRIAL * TRIAL * TRIAL * TRIAL * TRIAL * TRIAL * TRIAL * TRIAL * TRIAL * TRIAL * TRIAL * TRIAL * TRIAL * TRIAL * TRIAL * TRIAL * TRIAL * TRIAL * TRIAL * TRIAL * TRIAL * TRIAL * TRIAL * TRIAL * TRIAL * TRIAL * TRIAL * TRIAL * TRIAL * TRIAL * TRIAL * TRIAL * TRIAL * TRIAL * TRIAL * TRIAL * TRIAL * TRIAL * TRIAL * TRIAL * TRIAL * TRIAL * TRIAL * TRIAL * TRIAL * TRIAL * TRIAL * TRIAL * TRIAL * TRIAL * TRIAL * TRIAL * TRIAL * TRIAL * TRIAL * TRIAL * TRIAL * TRIAL * TRIAL * TRIAL * TRIAL * TRIAL * TRIAL * TRIAL * TRIAL * TRIAL * TRIAL * TRIAL * TRIAL * TRIAL * TRIAL * TRIAL * TRIAL * TRIAL * TRIAL * TRIAL * TRIAL * TRIAL * TRIAL * TRIAL * TRIAL * TR','{"crop_rotation": [], "yield_cpa_dt": [0, 0, 0, 0, 0, 0, 0, 0, 0, 0], "yield_cpa_dt_organic_manure": [0, 0, 0, 0, 0, 0, 0, 0, 0, 0], "n_available_kg_per_ha": [0, 0, 0, 0, 0, 0, 0, 0, 0, 0], "p_available_kg_per_ha": [0, 0, 0, 0, 0, 0, 0, 0, 0, 0], "k_available_kg_per_ha": [0, 0, 0, 0, 0, 0, 0, 0, 0, 0], "delta_n_cpa": [0, 0, 0, 0, 0, 0, 0, 0, 0, 0], "n_fixation": [0, 0, 0, 0, 0, 0, 0, 0, 0, 0], "n_from_manure": [0, 0, 0, 0, 0, 0, 0, 0, 0, 0], "n_from_seeds": [0, 0, 0, 0, 0, 0, 0, 0, 0, 0], "n_removed_b_harvest": [0, 0, 0, 0, 0, 0, 0, 0, 0, 0], "n_leached": [0, 0, 0, 0, 0, 0, 0, 0, 0, 0], "n_volatilized": [0, 0, 0, 0, 0, 0, 0, 0, 0, 0], "n_need_crop_per_dt": [0, 0, 0, 0, 0, 0, 0, 0, 0, 0], "n_level": [1, 1, 1, 1, 1, 1, 1, 1, 1, 1], "yield_correction_factor_undersowing": [1, 1, 1, 1, 1, 1, 1, 1, 1, 1], "yield_cpa": [0, 0, 0, 0, 0, 0, 0, 0, 0, 0], "yield_cpa_manured": [0, 0, 0, 0, 0, 0, 0, 0, 0, 0], "yield_tot": [0, 0, 0, 0, 0, 0, 0, 0, 0, 0], "som_organic_manure_leithold": [0, 0, 0, 0, 0, 0, 0, 0, 0, 0], "ndfa_reduction": [1, 1, 1, 1, 1, 1, 1, 1, 1, 1], "n_mineralisation_som_pa": 0, "n_level_mineralisation_pa": 0, "ndf_soil": [0, 0, 0, 0, 0, 0, 0, 0, 0, 0], "coefficient_n_min": [0, 0, 0, 0, 0, 0, 0, 0, 0, 0], "n_need_per_dt": [0, 0, 0, 0, 0, 0, 0, 0, 0, 0], "weed_infestation_index_q": [0, 0, 0, 0, 0, 0, 0, 0, 0, 0], "weed_infestation_index_sa": [0, 0, 0, 0, 0, 0, 0, 0, 0, 0], "weed_infestation_index_wa": [0, 0, 0, 0, 0, 0, 0, 0, 0, 0], "est_probability_cc_us": [0, 0, 0, 0, 0, 0, 0, 0, 0, 0]}',NULL,'{"crop": [null, null, null, null, null, null, null, null, null, null], "crop_type": [0, 0, 0, 0, 0, 0, 0, 0, 0, 0], "crop_type_selection": [0, 0, 0, 0, 0, 0, 0, 0, 0, 0], "cb_generate_crop_recordset_1": [], "cb_generate_crop_recordset": [], "cb_generate_crop_type_1": [], "cb_generate_crop_type": [], "livestock_farming": false}','{"environmental_protection_measures_id": [1, 1, 1, 1, 1, 1, 1, 1, 1, 1], "tillage_id": [1, 1, 1, 1, 1, 1, 1, 1, 1, 1], "yield_correction_factor": [1, 1, 1, 1, 1, 1, 1, 1, 1, 1]}','{"tab_general_visible": true, "tab_rotation_visible": true, "tab_generator_visible": false, "tab_organic_manure_visible": false, "tab_epm_selection_visible": false, "tab_report_visible": false}','{"whc_rz": 0, "soil_rinsing": 0, "precipitation_level": 0, "precipitation_factor": 0, "n_amount_in_manure_solid": 0, "n_amount_in_manure_liquid": 0, "n_amount_available_in_manure_solid": 0, "n_amount_available_in_manure_liquid": 0, "p_from_manure": 0, "k_from_manure": 0}'),
 (416,NULL,'* TRIAL * TRIAL * TRIAL * TRIAL * TRIAL * TRIAL * TRIAL ','2021-06-15T12:37:45','{"production_system_id": 2, "rotation_duration": 6, "precipitation": 819, "precipitation_winter_selected": false, "precipitation_winter": 0, "soil_index": 30, "soil_quality_by_soil_index": true, "assessment_method": 1, "soc_method": 1, "soil_advanced_parameters_selected": true, "soil_mineralisation": 2.0, "soil_organic_matter": 1.2000000000000002, "soil_c_n_ratio": 11, "soil_topsoil_depth": 1.5, "soil_stoneratio": 0, "soil_bulk_density": 30, "atmospheric_n_input": 12, "red_area": false, "overall_yield_adjustment": 0, "production_system": 2}','{"manure_solid_type": 1, "manure_solid_rotting": 1, "manure_solid_dry_matter": 20, "manure_solid_n_content": 4.0, "manure_solid_n_availability_percent": 20, "manure_solid_n_loss_percent": 14, "manure_solid_p_content": 1.2, "manure_solid_k_content": 7.4, "manure_liquid_type": 1, "manure_liquid_dry_matter": 4.0, "manure_liquid_n_content": 3.5, "manure_liquid_n_availability_percent": 45, "manure_liquid_n_loss_percent": 18, "manure_liquid_p_content": 0.5, "manure_liquid_k_content": 5.5}','{"crop": [20, 2, 22, 11, 18, 7, null, null, null, null], "crop_name": [null, null, null, null, null, null, null, null, null, null], "early_termination": [false, false, false, false, false, false, false, false, false, false], "crop_type": [3, 1, 4, 2, 3, 1, null, null, null, null], "strawharvest": [false, true, true, false, false, false, false, false, false, false], "undersowing": [false, false, false, false, false, false, false, false, false, false], "undersowing_winterhardiness": [0, 0, 0, 0, 0, 0, 0, 0, 0, 0], "undersowing_legume_ratio": [10, 10, 10, 10, 10, 10, 10, 10, 10, 10], "covercrop": [false, false, true, true, true, false, false, false, false, false], "covercrop_id": [1, 1, 1, 1, 1, 1, 1, 1, 1, 1], "covercrop_winterhardiness": [0, 0, 0, 0, 0, 0, 0, 0, 0, 0], "covercrop_legume_ratio": [10, 10, 10, 10, 10, 10, 10, 10, 10, 10], "covercrop_harvest": [false, false, false, false, false, false, false, false, false, false], "use_std_manure_value": [true, true, true, true, true, true, true, true, true, true], "manure_liquid_solid_type_id": [4, 4, 4, 4, 4, 4, 4, 4, 4, 4], "manure_amount_solid": [0, 0, 0, 0, 0, 0, 50, 50, 50, 50], "manure_amount_liquid": [0, 0, 0, 0, 0, 0, 100, 100, 100, 100], "yield_adjustment": [0, 0, 0, 0, 0, 0, 0, 0, 0, 0]}','* TRIAL * TRIAL * TRIAL * TRIAL * TRIAL * TRIAL * TRIAL * TRIAL * TRIAL * TRIAL * TRIAL * TRIAL * TRIAL * TRIAL * TRIAL * TRIAL * TRIAL * TRIAL * TRIAL * TRIAL * TRIAL * TRIAL * TRIAL * TRIAL * TRIAL * TRIAL * TRIAL * TRIAL * TRIAL * TRIAL * TRIAL * TRIAL * TRIAL * TRIAL * TRIAL * TRIAL * TRIAL * TRIAL * TRIAL * TRIAL * TRIAL * TRIAL * TRIAL * TRIAL * TRIAL * TRIAL * TRIAL * TRIAL * TRIAL * TRIAL * TRIAL * TRIAL * TRIAL * TRIAL * TRIAL * TRIAL * TRIAL * TRIAL * TRIAL * TRIAL * TRIAL * TRIAL * TRIAL * TRIAL * TRIAL * TRIAL * TRIAL * TRIAL * TRIAL * TRIAL * TRIAL * TRIAL * TRIAL * TRIAL * TRIAL * TRIAL * TRIAL * TRIAL * TRIAL * TRIAL * TRIAL * TRIAL * TRIAL * TRIAL * TRIAL * TRIAL * TRIAL * TRIAL * TRIAL * TRIAL * TRIAL * TRIAL * TRIAL * TRIAL * TRIAL * TRIAL * TRIAL * TRIAL * TRIAL * TRIAL * TRIAL * TRIAL * TRIAL * TRIAL * TRIAL * TRIAL * TRIAL * TRIAL * TRIAL * TRIAL * TRIAL * TRIAL * TRIAL * TRIAL * TRIAL * TRIAL * TRIAL * TRIAL * TRIAL * TRIAL * TRIAL * TRIAL * TRIAL * TRIAL * TRIAL * TRIAL * TRIAL * TRIAL * TRIAL * TRIAL * TRIAL * TRIAL * TRIAL * TRIAL * TRIAL * TRIAL * TRIAL * TRIAL * TRIAL * TRIAL * TRIAL * TRIAL * TRIAL * TRIAL * TRIAL * TRIAL * TRIAL * TRIAL * TRIAL * TRIAL * TRIAL * TRIAL * TRIAL * TRIAL * TRIAL * TRIAL * TRIAL * TRIAL * TRIAL * TRIAL * TRIAL * TRIAL * TRIAL * TRIAL * TRIAL * TRIAL * TRIAL * TRIAL * TRIAL * TRIAL * TRIAL * TRIAL * TRIAL * TRIAL * TRIAL * TRIAL * TRIAL * TRIAL * TRIAL * TRIAL * TRIAL * TRIAL * TRIAL * TRIAL * TRIAL * TRIAL * TRIAL * TRIAL * TRIAL *',NULL,'{"crop": [null, null, null, null, null, null, null, null, null, null], "crop_type": [0, 0, 0, 0, 0, 0, 0, 0, 0, 0], "crop_type_selection": [0, 0, 0, 0, 0, 0, 0, 0, 0, 0], "cb_generate_crop_recordset_1": [], "cb_generate_crop_recordset": [], "cb_generate_crop_type_1": [], "cb_generate_crop_type": [], "livestock_farming": false}','* TRIAL * TRIAL * TRIAL * TRIAL * TRIAL * TRIAL * TRIAL * TRIAL * TRIAL * TRIAL * TRIAL * TRIAL * TRIAL * TRIAL * TRIAL * TRIAL * TRIAL * TRIAL * TRIAL * TRIAL * TRIAL * TRIAL *','* TRIAL * TRIAL * TRIAL * TRIAL * TRIAL * TRIAL * TRIAL * TRIAL * TRIAL * TRIAL * TRIAL * TRIAL * TRIAL * TRIAL * TRIAL * TRIAL * TRIAL * TRIAL * TRIAL * TRIAL * TRIAL * TRIAL * TRIAL * TRIAL *','{"whc_rz": 0, "soil_rinsing": 0, "precipitation_level": 0, "precipitation_factor": 0, "n_amount_in_manure_solid": 0, "n_amount_in_manure_liquid": 0, "n_amount_available_in_manure_solid": 0, "n_amount_available_in_manure_liquid": 0, "p_from_manure": 0, "k_from_manure": 0}'),
 (417,NULL,'* TRIAL * TRIAL * TRIAL * TRIAL * TRIAL * TRIAL * TRIAL ','2021-06-16T15:57:05','{"production_system_id": 2, "rotation_duration": 5, "precipitation": 666, "precipitation_winter_selected": false, "precipitation_winter": 333, "soil_index": 66, "soil_quality_by_soil_index": true, "assessment_method": 2, "soc_method": 1, "soil_advanced_parameters_selected": false, "soil_mineralisation": 2.0, "soil_organic_matter": 0.9, "soil_c_n_ratio": 11, "soil_topsoil_depth": 1.5, "soil_stoneratio": 0, "soil_bulk_density": 30, "atmospheric_n_input": 13, "red_area": false, "overall_yield_adjustment": 0, "production_system": 2}','* TRIAL * TRIAL * TRIAL * TRIAL * TRIAL * TRIAL * TRIAL * TRIAL * TRIAL * TRIAL * TRIAL * TRIAL * TRIAL * TRIAL * TRIAL * TRIAL * TRIAL * TRIAL * TRIAL * TRIAL * TRIAL * TRIAL * TRIAL * TRIAL * TRIAL * TRIAL * TRIAL * TRIAL * TRIAL * TRIAL * TRIAL * TRIAL * TRIAL * TRIAL * TRIAL * TRIAL * TRIAL * TRIAL * TRIAL * TRIAL * TRIAL * TRIAL * TRIAL * TRIAL * TRIAL * TRIAL * TRIAL * TRIAL * TRIAL * TRIAL * TRIAL * TRIAL * TRIAL * TRIAL * TRIAL * TRIAL * TRIAL * TRIAL * TRIAL * TRIAL * TRIAL','{"crop": [null, null, null, null, null, null, null, null, null, null], "crop_name": [null, null, null, null, null, null, null, null, null, null], "early_termination": [false, false, false, false, false, false, false, false, false, false], "crop_type": [null, null, null, null, null, null, null, null, null, null], "strawharvest": [false, false, false, false, false, false, false, false, false, false], "undersowing": [false, false, false, false, false, false, false, false, false, false], "undersowing_winterhardiness": [0, 0, 0, 0, 0, 0, 0, 0, 0, 0], "undersowing_legume_ratio": [10, 10, 10, 10, 10, 10, 10, 10, 10, 10], "covercrop": [false, false, false, false, false, false, false, false, false, false], "covercrop_id": [1, 1, 1, 1, 1, 1, 1, 1, 1, 1], "covercrop_winterhardiness": [0, 0, 0, 0, 0, 0, 0, 0, 0, 0], "covercrop_legume_ratio": [10, 10, 10, 10, 10, 10, 10, 10, 10, 10], "covercrop_harvest": [false, false, false, false, false, false, false, false, false, false], "use_std_manure_value": [true, true, true, true, true, true, true, true, true, true], "manure_liquid_solid_type_id": [4, 4, 4, 4, 4, 4, 4, 4, 4, 4], "manure_amount_solid": [50, 50, 50, 50, 50, 50, 50, 50, 50, 50], "manure_amount_liquid": [100, 100, 100, 100, 100, 100, 100, 100, 100, 100], "yield_adjustment": [0, 0, 0, 0, 0, 0, 0, 0, 0, 0]}','{"crop_rotation": [{"crop_production_activities_id": 323, "crop_id": 25, "crop_type_id": 4, "n_delivery": 2, "previous_crop_type_id": 4, "previous_crop_n_delivery": 1, "undersowing": false, "acronym": "LZG", "early_termination": false, "strawharvest": false, "undersowing_winterhardiness": 0, "undersowing_legume_ratio": 10, "covercrop_id": 1, "covercrop_winterhardiness": 0, "covercrop_legume_ratio": 10, "covercrop_harvest": false, "manure_liquid_solid_type_id": 4, "manure_amount_solid": 0, "manure_amount_liquid": 0, "yield_adjustment": 0, "winter_summer_annual": 2, "n_available_kg_per_ha": 0.0, "p_available_kg_per_ha": 0.0, "k_available_kg_per_ha": 0.0, "n_level": 2, "n_need_crop_per_dt": 0.775, "yield_cpa_dt": -108.07500000000005, "yield_cpa_dt_organic_manure": -108.07500000000005}, {"crop_production_activities_id": 305, "crop_id": 3, "crop_type_id": 1, "n_delivery": 1, "previous_crop_type_id": 4, "previous_crop_n_delivery": 2, "undersowing": false, "acronym": "KMA", "early_termination": false, "strawharvest": false, "undersowing_winterhardiness": 0, "undersowing_legume_ratio": 10, "covercrop_id": 1, "covercrop_winterhardiness": 0, "covercrop_legume_ratio": 10, "covercrop_harvest": false, "manure_liquid_solid_type_id": 4, "manure_amount_solid": 0, "manure_amount_liquid": 0, "yield_adjustment": 0, "winter_summer_annual": 1, "n_available_kg_per_ha": 0.0, "p_available_kg_per_ha": 0.0, "k_available_kg_per_ha": 0.0, "n_level": 3, "n_need_crop_per_dt": 2.2954, "yield_cpa_dt": 56.58086956521722, "yield_cpa_dt_organic_manure": 56.58086956521722}, {"crop_production_activities_id": 360, "crop_id": 20, "crop_type_id": 3, "n_delivery": 1, "previous_crop_type_id": 1, "previous_crop_n_delivery": 1, "undersowing": false, "acronym": "HEG", "early_termination": false, "strawharvest": false, "undersowing_winterhardiness": 0, "undersowing_legume_ratio": 10, "covercrop_id": 1, "covercrop_winterhardiness": 0, "covercrop_legume_ratio": 10, "covercrop_harvest": false, "manure_liquid_solid_type_id": 4, "manure_amount_solid": 0, "manure_amount_liquid": 0, "yield_adjustment": 0, "winter_summer_annual": 1, "n_available_kg_per_ha": 0.0, "p_available_kg_per_ha": 0.0, "k_available_kg_per_ha": 0.0, "n_level": 1, "n_need_crop_per_dt": 3.9044, "yield_cpa_dt": 32.12568, "yield_cpa_dt_organic_manure": 35.6952}, {"crop_production_activities_id": 368, "crop_id": 5, "crop_type_id": 1, "n_delivery": 1, "previous_crop_type_id": 3, "previous_crop_n_delivery": 1, "undersowing": false, "acronym": "SMA", "early_termination": false, "strawharvest": false, "undersowing_winterhardiness": 0, "undersowing_legume_ratio": 10, "covercrop_id": 1, "covercrop_winterhardiness": 0, "covercrop_legume_ratio": 10, "covercrop_harvest": false, "manure_liquid_solid_type_id": 4, "manure_amount_solid": 0, "manure_amount_liquid": 0, "yield_adjustment": 0, "winter_summer_annual": 1, "n_available_kg_per_ha": 0.0, "p_available_kg_per_ha": 0.0, "k_available_kg_per_ha": 0.0, "n_level": 2, "n_need_crop_per_dt": 0.351, "yield_cpa_dt": 439.6, "yield_cpa_dt_organic_manure": 439.6}, {"crop_production_activities_id": 333, "crop_id": 18, "crop_type_id": 3, "n_delivery": 1, "previous_crop_type_id": 1, "previous_crop_n_delivery": 1, "undersowing": false, "acronym": "FER", "early_termination": false, "strawharvest": false, "undersowing_winterhardiness": 0, "undersowing_legume_ratio": 10, "covercrop_id": 1, "covercrop_winterhardiness": 0, "covercrop_legume_ratio": 10, "covercrop_harvest": false, "manure_liquid_solid_type_id": 4, "manure_amount_solid": 0, "manure_amount_liquid": 0, "yield_adjustment": 0, "winter_summer_annual": 1, "n_available_kg_per_ha": 0.0, "p_available_kg_per_ha": 0.0, "k_available_kg_per_ha": 0.0, "n_level": 1, "n_need_crop_per_dt": 5.3062000000000005, "yield_cpa_dt": -21.01356, "yield_cpa_dt_organic_manure": -23.348399999999998}, {"crop_production_activities_id": 424, "crop_id": 6, "crop_type_id": 1, "n_delivery": 1, "previous_crop_type_id": 3, "previous_crop_n_delivery": 1, "undersowing": false, "acronym": "SWE", "early_termination": false, "strawharvest": false, "undersowing_winterhardiness": 0, "undersowing_legume_ratio": 10, "covercrop_id": 1, "covercrop_winterhardiness": 0, "covercrop_legume_ratio": 10, "covercrop_harvest": false, "manure_liquid_solid_type_id": 4, "manure_amount_solid": 0, "manure_amount_liquid": 0, "yield_adjustment": 0, "winter_summer_annual": 1, "n_available_kg_per_ha": 0.0, "p_available_kg_per_ha": 0.0, "k_available_kg_per_ha": 0.0, "n_level": 2, "n_need_crop_per_dt": 2.0339, "yield_cpa_dt": 41.29119999999999, "yield_cpa_dt_organic_manure": 41.29119999999999}, {"crop_production_activities_id": 426, "crop_id": 25, "crop_type_id": 4, "n_delivery": 1, "previous_crop_type_id": 1, "previous_crop_n_delivery": 1, "undersowing": false, "acronym": "LZG", "early_termination": false, "strawharvest": false, "undersowing_winterhardiness": 0, "undersowing_legume_ratio": 10, "covercrop_id": 1, "covercrop_winterhardiness": 0, "covercrop_legume_ratio": 10, "covercrop_harvest": false, "manure_liquid_solid_type_id": 4, "manure_amount_solid": 0, "manure_amount_liquid": 0, "yield_adjustment": 0, "winter_summer_annual": 2, "n_available_kg_per_ha": 0.0, "p_available_kg_per_ha": 0.0, "k_available_kg_per_ha": 0.0, "n_level": 1, "n_need_crop_per_dt": 0.775, "yield_cpa_dt": -108.07500000000005, "yield_cpa_dt_organic_manure": -108.07500000000005}], "yield_cpa_dt": [0, 0, 0, 0, 0, 0, 0, 0, 0, 0], "yield_cpa_dt_organic_manure": [0, 0, 0, 0, 0, 0, 0, 0, 0, 0], "n_available_kg_per_ha": [0, 0, 0, 0, 0, 0, 0, 0, 0, 0], "p_available_kg_per_ha": [0, 0, 0, 0, 0, 0, 0, 0, 0, 0], "k_available_kg_per_ha": [0.0, 0.0, 0.0, 0.0, 0.0, 0.0, 0.0, 0, 0, 0], "delta_n_cpa": [0, 0, 0, 0, 0, 0, 0, 0, 0, 0], "n_fixation": [0, 0, 0, 0, 0, 0, 0, 0, 0, 0], "n_from_manure": [0, 0, 0, 0, 0, 0, 0, 0, 0, 0], "n_from_seeds": [0, 0, 0, 0, 0, 0, 0, 0, 0, 0], "n_removed_b_harvest": [0, 0, 0, 0, 0, 0, 0, 0, 0, 0], "n_leached": [0, 0, 0, 0, 0, 0, 0, 0, 0, 0], "n_volatilized": [0, 0, 0, 0, 0, 0, 0, 0, 0, 0], "n_need_crop_per_dt": [0, 0, 0, 0, 0, 0, 0, 0, 0, 0], "n_level": [1, 1, 1, 1, 1, 1, 1, 1, 1, 1], "yield_correction_factor_undersowing": [1, 1, 1, 1, 1, 1, 1, 1, 1, 1], "yield_cpa": [0, 0, 0, 0, 0, 0, 0, 0, 0, 0], "yield_cpa_manured": [0, 0, 0, 0, 0, 0, 0, 0, 0, 0], "yield_tot": [0, 0, 0, 0, 0, 0, 0, 0, 0, 0], "som_organic_manure_leithold": [0, 0, 0, 0, 0, 0, 0, 0, 0, 0], "ndfa_reduction": [1, 1, 1, 1, 1, 1, 1, 1, 1, 1], "n_mineralisation_som_pa": 0, "n_level_mineralisation_pa": 0, "ndf_soil": [0, 0, 0, 0, 0, 0, 0, 0, 0, 0], "coefficient_n_min": [0, 0, 0, 0, 0, 0, 0, 0, 0, 0], "n_need_per_dt": [0, 0, 0, 0, 0, 0, 0, 0, 0, 0], "weed_infestation_index_q": [0, 0, 0, 0, 0, 0, 0, 0, 0, 0], "weed_infestation_index_sa": [0, 0, 0, 0, 0, 0, 0, 0, 0, 0], "weed_infestation_index_wa": [0, 0, 0, 0, 0, 0, 0, 0, 0, 0], "est_probability_cc_us": [0, 0, 0, 0, 0, 0, 0, 0, 0, 0]}',NULL,'* TRIAL * TRIAL * TRIAL * TRIAL * TRIAL * TRIAL * TRIAL * TRIAL * TRIAL * TRIAL * TRIAL * TRIAL * TRIAL * TRIAL * TRIAL * TRIAL * TRIAL * TRIAL * TRIAL * TRIAL * TRIAL * TRIAL * TRIAL * TRIAL * TRIAL * TRIAL * TRIAL * TRIAL * TRIAL * TRIAL * TRIAL * TRIAL * TRIAL * TRIAL * TRIAL * TRIAL * TRIAL * TRIAL * TRIAL * ','{"environmental_protection_measures_id": [1, 1, 31, 1, 22, 19, 1, 1, 1, 1], "tillage_id": [1, 1, 1, 2, 3, 1, 3, 1, 1, 1], "yield_correction_factor": [1.0, 1.0, 0.9, 1.0, 0.9, 1.0, 1.0, 1, 1, 1]}','{"tab_general_visible": true, "tab_rotation_visible": false, "tab_generator_visible": true, "tab_organic_manure_visible": false, "tab_epm_selection_visible": false, "tab_report_visible": false}','{"whc_rz": 450, "soil_rinsing": 0.37, "precipitation_level": 5, "precipitation_factor": 0.5, "n_amount_in_manure_solid": 0.8, "n_amount_in_manure_liquid": 1.575, "n_amount_available_in_manure_solid": 0.6880000000000001, "n_amount_available_in_manure_liquid": 1.2915, "p_from_manure": 0, "k_from_manure": 0}'),
 (418,NULL,'2021-06-16 17:59:09.140060                              ','2021-06-16T15:59:38','{"production_system_id": 2, "rotation_duration": 3, "precipitation": 400, "precipitation_winter_selected": false, "precipitation_winter": 0, "soil_index": 30, "soil_quality_by_soil_index": true, "assessment_method": 3, "soc_method": 1, "soil_advanced_parameters_selected": false, "soil_mineralisation": 2.0, "soil_organic_matter": 0.9, "soil_c_n_ratio": 11, "soil_topsoil_depth": 1.5, "soil_stoneratio": 0, "soil_bulk_density": 30, "atmospheric_n_input": 12, "red_area": false, "overall_yield_adjustment": 0, "production_system": 2}','{"manure_solid_type": 1, "manure_solid_rotting": 1, "manure_solid_dry_matter": 20, "manure_solid_n_content": 4.0, "manure_solid_n_availability_percent": 20, "manure_solid_n_loss_percent": 14, "manure_solid_p_content": 1.2, "manure_solid_k_content": 7.4, "manure_liquid_type": 1, "manure_liquid_dry_matter": 4.0, "manure_liquid_n_content": 3.5, "manure_liquid_n_availability_percent": 45, "manure_liquid_n_loss_percent": 18, "manure_liquid_p_content": 0.5, "manure_liquid_k_content": 5.5}','* TRIAL * TRIAL * TRIAL * TRIAL * TRIAL * TRIAL * TRIAL * TRIAL * TRIAL * TRIAL * TRIAL * TRIAL * TRIAL * TRIAL * TRIAL * TRIAL * TRIAL * TRIAL * TRIAL * TRIAL * TRIAL * TRIAL * TRIAL * TRIAL * TRIAL * TRIAL * TRIAL * TRIAL * TRIAL * TRIAL * TRIAL * TRIAL * TRIAL * TRIAL * TRIAL * TRIAL * TRIAL * TRIAL * TRIAL * TRIAL * TRIAL * TRIAL * TRIAL * TRIAL * TRIAL * TRIAL * TRIAL * TRIAL * TRIAL * TRIAL * TRIAL * TRIAL * TRIAL * TRIAL * TRIAL * TRIAL * TRIAL * TRIAL * TRIAL * TRIAL * TRIAL * TRIAL * TRIAL * TRIAL * TRIAL * TRIAL * TRIAL * TRIAL * TRIAL * TRIAL * TRIAL * TRIAL * TRIAL * TRIAL * TRIAL * TRIAL * TRIAL * TRIAL * TRIAL * TRIAL * TRIAL * TRIAL * TRIAL * TRIAL * TRIAL * TRIAL * TRIAL * TRIAL * TRIAL * TRIAL * TRIAL * TRIAL * TRIAL * TRIAL * TRIAL * TRIAL * TRIAL * TRIAL * TRIAL * TRIAL * TRIAL * TRIAL * TRIAL * TRIAL * TRIAL * TRIAL * TRIAL * TRIAL * TRIAL * TRIAL * TRIAL * TRIAL * TRIAL * TRIAL * TRIAL * TRIAL * TRIAL * TRIAL * TRIAL * TRIAL * TRIAL * TRIAL * TRIAL * TRIAL * TRIAL * TRIAL * TRIAL * TRIAL * TRIAL * TRIAL * TRIAL * TRIAL * TRIAL * TRIAL * TRIAL * TRIAL * TRIAL * TRIAL * TRIAL * TRIAL * TRIAL * TRIAL * TRIAL * TRIAL * TRIAL * TRIAL * TRIAL * TRIAL * TRIAL * TRIAL * TRIAL * TRIAL * TRIAL * TRIAL * TRIAL * TRIAL * TRIAL * TRIAL * TRIAL * TRIAL * TRIAL * TRIAL * TRIAL * TRIAL * TRIAL * TRIAL * TRIAL * TRIAL * T','{"crop_rotation": [], "yield_cpa_dt": [0, 0, 0, 0, 0, 0, 0, 0, 0, 0], "yield_cpa_dt_organic_manure": [0, 0, 0, 0, 0, 0, 0, 0, 0, 0], "n_available_kg_per_ha": [0, 0, 0, 0, 0, 0, 0, 0, 0, 0], "p_available_kg_per_ha": [0, 0, 0, 0, 0, 0, 0, 0, 0, 0], "k_available_kg_per_ha": [0, 0, 0, 0, 0, 0, 0, 0, 0, 0], "delta_n_cpa": [0, 0, 0, 0, 0, 0, 0, 0, 0, 0], "n_fixation": [0, 0, 0, 0, 0, 0, 0, 0, 0, 0], "n_from_manure": [0, 0, 0, 0, 0, 0, 0, 0, 0, 0], "n_from_seeds": [0, 0, 0, 0, 0, 0, 0, 0, 0, 0], "n_removed_b_harvest": [0, 0, 0, 0, 0, 0, 0, 0, 0, 0], "n_leached": [0, 0, 0, 0, 0, 0, 0, 0, 0, 0], "n_volatilized": [0, 0, 0, 0, 0, 0, 0, 0, 0, 0], "n_need_crop_per_dt": [0, 0, 0, 0, 0, 0, 0, 0, 0, 0], "n_level": [1, 1, 1, 1, 1, 1, 1, 1, 1, 1], "yield_correction_factor_undersowing": [1, 1, 1, 1, 1, 1, 1, 1, 1, 1], "yield_cpa": [0, 0, 0, 0, 0, 0, 0, 0, 0, 0], "yield_cpa_manured": [0, 0, 0, 0, 0, 0, 0, 0, 0, 0], "yield_tot": [0, 0, 0, 0, 0, 0, 0, 0, 0, 0], "som_organic_manure_leithold": [0, 0, 0, 0, 0, 0, 0, 0, 0, 0], "ndfa_reduction": [1, 1, 1, 1, 1, 1, 1, 1, 1, 1], "n_mineralisation_som_pa": 0, "n_level_mineralisation_pa": 0, "ndf_soil": [0, 0, 0, 0, 0, 0, 0, 0, 0, 0], "coefficient_n_min": [0, 0, 0, 0, 0, 0, 0, 0, 0, 0], "n_need_per_dt": [0, 0, 0, 0, 0, 0, 0, 0, 0, 0], "weed_infestation_index_q": [0, 0, 0, 0, 0, 0, 0, 0, 0, 0], "weed_infestation_index_sa": [0, 0, 0, 0, 0, 0, 0, 0, 0, 0], "weed_infestation_index_wa": [0, 0, 0, 0, 0, 0, 0, 0, 0, 0], "est_probability_cc_us": [0, 0, 0, 0, 0, 0, 0, 0, 0, 0]}',NULL,'* TRIAL * TRIAL * TRIAL * TRIAL * TRIAL * TRIAL * TRIAL * TRIAL * TRIAL * TRIAL * TRIAL * TRIAL * TRIAL * TRIAL * TRIAL * TRIAL * TRIAL * TRIAL * TRIAL * TRIAL * TRIAL * TRIAL * TRIAL * TRIAL * TRIAL * TRIAL * TRIAL * TRIAL * TRIAL * TRIAL * TRIAL * TRIAL * TRIAL * TRIAL * TRIAL * TRIAL * TRIAL * TRIAL * TRIAL * TRIAL * TRIAL ','{"environmental_protection_measures_id": [1, 1, 32, 1, 1, 1, 1, 1, 1, 1], "tillage_id": [1, 2, 1, 1, 1, 1, 1, 1, 1, 1], "yield_correction_factor": [1, 1, 0.8, 1, 1, 1, 1, 1, 1, 1]}','{"tab_general_visible": true, "tab_rotation_visible": true, "tab_generator_visible": false, "tab_organic_manure_visible": false, "tab_epm_selection_visible": true, "tab_report_visible": false}','* TRIAL * TRIAL * TRIAL * TRIAL * TRIAL * TRIAL * TRIAL * TRIAL * TRIAL * TRIAL * TRIAL * TRIAL * TRIAL * TRIAL * TRIAL * TRIAL * TRIAL * TRIAL * TRIAL * TRIAL * TRIAL * TRIAL * TRIAL * TRIAL * TRIAL * TRIAL * TRIAL * TRIAL * TRIAL * TRIAL * TRIAL * TRIAL * TRIAL * TRIAL'),
 (419,NULL,'* TRIAL * TRIAL * TRIAL * TRIAL * TRIAL * TRIAL * TRIAL ','2021-06-16T16:11:21','* TRIAL * TRIAL * TRIAL * TRIAL * TRIAL * TRIAL * TRIAL * TRIAL * TRIAL * TRIAL * TRIAL * TRIAL * TRIAL * TRIAL * TRIAL * TRIAL * TRIAL * TRIAL * TRIAL * TRIAL * TRIAL * TRIAL * TRIAL * TRIAL * TRIAL * TRIAL * TRIAL * TRIAL * TRIAL * TRIAL * TRIAL * TRIAL * TRIAL * TRIAL * TRIAL * TRIAL * TRIAL * TRIAL * TRIAL * TRIAL * TRIAL * TRIAL * TRIAL * TRIAL * TRIAL * TRIAL * TRIAL * TRIAL * TRIAL * TRIAL * TRIAL * TRIAL * TRIAL * TRIAL * TRIAL * TRIAL * TRIAL * TRIAL * TRIAL * TRIAL * TRIAL * TRIAL * TRIAL * TRIAL * TRIAL * TRIAL * TR','{"manure_solid_type": 1, "manure_solid_rotting": 1, "manure_solid_dry_matter": 20, "manure_solid_n_content": 4.0, "manure_solid_n_availability_percent": 20, "manure_solid_n_loss_percent": 14, "manure_solid_p_content": 1.2, "manure_solid_k_content": 7.4, "manure_liquid_type": 1, "manure_liquid_dry_matter": 4.0, "manure_liquid_n_content": 3.5, "manure_liquid_n_availability_percent": 45, "manure_liquid_n_loss_percent": 18, "manure_liquid_p_content": 0.5, "manure_liquid_k_content": 5.5}','{"crop": [null, null, null, null, null, null, null, null, null, null], "crop_name": [null, null, null, null, null, null, null, null, null, null], "early_termination": [false, false, false, false, false, false, false, false, false, false], "crop_type": [null, null, null, null, null, null, null, null, null, null], "strawharvest": [false, false, false, false, false, false, false, false, false, false], "undersowing": [false, false, false, false, false, false, false, false, false, false], "undersowing_winterhardiness": [0, 0, 0, 0, 0, 0, 0, 0, 0, 0], "undersowing_legume_ratio": [10, 10, 10, 10, 10, 10, 10, 10, 10, 10], "covercrop": [false, false, false, false, false, false, false, false, false, false], "covercrop_id": [1, 1, 1, 1, 1, 1, 1, 1, 1, 1], "covercrop_winterhardiness": [0, 0, 0, 0, 0, 0, 0, 0, 0, 0], "covercrop_legume_ratio": [10, 10, 10, 10, 10, 10, 10, 10, 10, 10], "covercrop_harvest": [false, false, false, false, false, false, false, false, false, false], "use_std_manure_value": [true, true, true, true, true, true, true, true, true, true], "manure_liquid_solid_type_id": [4, 4, 4, 4, 4, 4, 4, 4, 4, 4], "manure_amount_solid": [50, 50, 50, 50, 50, 50, 50, 50, 50, 50], "manure_amount_liquid": [100, 100, 100, 100, 100, 100, 100, 100, 100, 100], "yield_adjustment": [0, 0, 0, 0, 0, 0, 0, 0, 0, 0]}','{"crop_rotation": [], "yield_cpa_dt": [0, 0, 0, 0, 0, 0, 0, 0, 0, 0], "yield_cpa_dt_organic_manure": [0, 0, 0, 0, 0, 0, 0, 0, 0, 0], "n_available_kg_per_ha": [0, 0, 0, 0, 0, 0, 0, 0, 0, 0], "p_available_kg_per_ha": [0, 0, 0, 0, 0, 0, 0, 0, 0, 0], "k_available_kg_per_ha": [0, 0, 0, 0, 0, 0, 0, 0, 0, 0], "delta_n_cpa": [0, 0, 0, 0, 0, 0, 0, 0, 0, 0], "n_fixation": [0, 0, 0, 0, 0, 0, 0, 0, 0, 0], "n_from_manure": [0, 0, 0, 0, 0, 0, 0, 0, 0, 0], "n_from_seeds": [0, 0, 0, 0, 0, 0, 0, 0, 0, 0], "n_removed_b_harvest": [0, 0, 0, 0, 0, 0, 0, 0, 0, 0], "n_leached": [0, 0, 0, 0, 0, 0, 0, 0, 0, 0], "n_volatilized": [0, 0, 0, 0, 0, 0, 0, 0, 0, 0], "n_need_crop_per_dt": [0, 0, 0, 0, 0, 0, 0, 0, 0, 0], "n_level": [1, 1, 1, 1, 1, 1, 1, 1, 1, 1], "yield_correction_factor_undersowing": [1, 1, 1, 1, 1, 1, 1, 1, 1, 1], "yield_cpa": [0, 0, 0, 0, 0, 0, 0, 0, 0, 0], "yield_cpa_manured": [0, 0, 0, 0, 0, 0, 0, 0, 0, 0], "yield_tot": [0, 0, 0, 0, 0, 0, 0, 0, 0, 0], "som_organic_manure_leithold": [0, 0, 0, 0, 0, 0, 0, 0, 0, 0], "ndfa_reduction": [1, 1, 1, 1, 1, 1, 1, 1, 1, 1], "n_mineralisation_som_pa": 0, "n_level_mineralisation_pa": 0, "ndf_soil": [0, 0, 0, 0, 0, 0, 0, 0, 0, 0], "coefficient_n_min": [0, 0, 0, 0, 0, 0, 0, 0, 0, 0], "n_need_per_dt": [0, 0, 0, 0, 0, 0, 0, 0, 0, 0], "weed_infestation_index_q": [0, 0, 0, 0, 0, 0, 0, 0, 0, 0], "weed_infestation_index_sa": [0, 0, 0, 0, 0, 0, 0, 0, 0, 0], "weed_infestation_index_wa": [0, 0, 0, 0, 0, 0, 0, 0, 0, 0], "est_probability_cc_us": [0, 0, 0, 0, 0, 0, 0, 0, 0, 0]}',NULL,'* TRIAL * TRIAL * TRIAL * TRIAL * TRIAL * TRIAL * TRIAL * TRIAL * TRIAL * TRIAL * TRIAL * TRIAL * TRIAL * TRIAL * TRIAL * TRIAL * TRIAL * TRIAL * TRIAL * TRIAL * TRIAL * TRIAL * TRIAL * TRIAL * TRIAL * TRIAL * TRIAL * TRIAL * TRIAL * TRIAL * TRIAL * TRIAL * TRIAL * TRIAL * TRIAL * TRIAL * TRIAL * TRIAL * TRIAL * TRIAL *','{"environmental_protection_measures_id": [1, 1, 1, 1, 1, 1, 1, 1, 1, 1], "tillage_id": [1, 1, 1, 1, 1, 1, 1, 1, 1, 1], "yield_correction_factor": [1, 1, 1, 1, 1, 1, 1, 1, 1, 1]}','{"tab_general_visible": true, "tab_rotation_visible": false, "tab_generator_visible": true, "tab_organic_manure_visible": false, "tab_epm_selection_visible": false, "tab_report_visible": false}','* TRIAL * TRIAL * TRIAL * TRIAL * TRIAL * TRIAL * TRIAL * TRIAL * TRIAL * TRIAL * TRIAL * TRIAL * TRIAL * TRIAL * TRIAL * TRIAL * TRIAL * TRIAL * TRIAL * TRIAL * TRIAL * TRIAL * TRIAL * TRIAL * TRIAL * TRIAL * TRIAL * TRIAL * TRIAL * TRIAL * TRIAL * TRIAL * TRIAL * TRIAL'),
 (420,NULL,'2021-06-16 18:17:58.445644                              ','2021-06-16T16:18:06','{"production_system_id": 2, "rotation_duration": 3, "precipitation": 400, "precipitation_winter_selected": false, "precipitation_winter": 0, "soil_index": 30, "soil_quality_by_soil_index": true, "assessment_method": 2, "soc_method": 1, "soil_advanced_parameters_selected": false, "soil_mineralisation": 2.0, "soil_organic_matter": 0.9, "soil_c_n_ratio": 11, "soil_topsoil_depth": 1.5, "soil_stoneratio": 0, "soil_bulk_density": 30, "atmospheric_n_input": 12, "red_area": false, "overall_yield_adjustment": 0, "production_system": 2}','{"manure_solid_type": 1, "manure_solid_rotting": 1, "manure_solid_dry_matter": 20, "manure_solid_n_content": 4.0, "manure_solid_n_availability_percent": 20, "manure_solid_n_loss_percent": 14, "manure_solid_p_content": 1.2, "manure_solid_k_content": 7.4, "manure_liquid_type": 1, "manure_liquid_dry_matter": 4.0, "manure_liquid_n_content": 3.5, "manure_liquid_n_availability_percent": 45, "manure_liquid_n_loss_percent": 18, "manure_liquid_p_content": 0.5, "manure_liquid_k_content": 5.5}','* TRIAL * TRIAL * TRIAL * TRIAL * TRIAL * TRIAL * TRIAL * TRIAL * TRIAL * TRIAL * TRIAL * TRIAL * TRIAL * TRIAL * TRIAL * TRIAL * TRIAL * TRIAL * TRIAL * TRIAL * TRIAL * TRIAL * TRIAL * TRIAL * TRIAL * TRIAL * TRIAL * TRIAL * TRIAL * TRIAL * TRIAL * TRIAL * TRIAL * TRIAL * TRIAL * TRIAL * TRIAL * TRIAL * TRIAL * TRIAL * TRIAL * TRIAL * TRIAL * TRIAL * TRIAL * TRIAL * TRIAL * TRIAL * TRIAL * TRIAL * TRIAL * TRIAL * TRIAL * TRIAL * TRIAL * TRIAL * TRIAL * TRIAL * TRIAL * TRIAL * TRIAL * TRIAL * TRIAL * TRIAL * TRIAL * TRIAL * TRIAL * TRIAL * TRIAL * TRIAL * TRIAL * TRIAL * TRIAL * TRIAL * TRIAL * TRIAL * TRIAL * TRIAL * TRIAL * TRIAL * TRIAL * TRIAL * TRIAL * TRIAL * TRIAL * TRIAL * TRIAL * TRIAL * TRIAL * TRIAL * TRIAL * TRIAL * TRIAL * TRIAL * TRIAL * TRIAL * TRIAL * TRIAL * TRIAL * TRIAL * TRIAL * TRIAL * TRIAL * TRIAL * TRIAL * TRIAL * TRIAL * TRIAL * TRIAL * TRIAL * TRIAL * TRIAL * TRIAL * TRIAL * TRIAL * TRIAL * TRIAL * TRIAL * TRIAL * TRIAL * TRIAL * TRIAL * TRIAL * TRIAL * TRIAL * TRIAL * TRIAL * TRIAL * TRIAL * TRIAL * TRIAL * TRIAL * TRIAL * TRIAL * TRIAL * TRIAL * TRIAL * TRIAL * TRIAL * TRIAL * TRIAL * TRIAL * TRIAL * TRIAL * TRIAL * TRIAL * TRIAL * TRIAL * TRIAL * TRIAL * TRIAL * TRIAL * TRIAL * TRIAL * TRIAL * TRIAL * TRIAL * TRIAL * TRIAL * TRIAL * TRIAL * TRIAL * TRIAL * TRIAL * TRIA','* TRIAL * TRIAL * TRIAL * TRIAL * TRIAL * TRIAL * TRIAL * TRIAL * TRIAL * TRIAL * TRIAL * TRIAL * TRIAL * TRIAL * TRIAL * TRIAL * TRIAL * TRIAL * TRIAL * TRIAL * TRIAL * TRIAL * TRIAL * TRIAL * TRIAL * TRIAL * TRIAL * TRIAL * TRIAL * TRIAL * TRIAL * TRIAL * TRIAL * TRIAL * TRIAL * TRIAL * TRIAL * TRIAL * TRIAL * TRIAL * TRIAL * TRIAL * TRIAL * TRIAL * TRIAL * TRIAL * TRIAL * TRIAL * TRIAL * TRIAL * TRIAL * TRIAL * TRIAL * TRIAL * TRIAL * TRIAL * TRIAL * TRIAL * TRIAL * TRIAL * TRIAL * TRIAL * TRIAL * TRIAL * TRIAL * TRIAL * TRIAL * TRIAL * TRIAL * TRIAL * TRIAL * TRIAL * TRIAL * TRIAL * TRIAL * TRIAL * TRIAL * TRIAL * TRIAL * TRIAL * TRIAL * TRIAL * TRIAL * TRIAL * TRIAL * TRIAL * TRIAL * TRIAL * TRIAL * TRIAL * TRIAL * TRIAL * TRIAL * TRIAL * TRIAL * TRIAL * TRIAL * TRIAL * TRIAL * TRIAL * TRIAL * TRIAL * TRIAL * TRIAL * TRIAL * TRIAL * TRIAL * TRIAL * TRIAL * TRIAL * TRIAL * TRIAL * TRIAL * TRIAL * TRIAL * TRIAL * TRIAL * TRIAL * TRIAL * TRIAL * TRIAL * TRIAL * TRIAL * TRIAL * TRIAL * TRIAL * TRIAL * TRIAL * TRIAL * TRIAL * TRIAL * TRIAL * TRIAL * TRIAL * TRIAL * TRIAL * TRIAL * TRIAL * TRIAL * TRIAL * TRIAL * TRIAL * TRIAL * TRIAL * TRIAL * TRIAL * TRIAL * TRIAL * TRIAL * TRIAL * TRIAL * TRIAL * TRIAL * TRIAL * TRIAL * TRIAL * TRIAL * TRIAL * TRIAL * TRIAL * TRIAL * TRIAL * TRIAL * TRIAL * TRIAL * TRIAL * TRIAL * TRIAL * TRIAL * TRIAL * TRIAL * TRIAL * TRIAL * TRIAL * TRIAL * TRIAL * TRIAL * TRIAL * TRIAL * TRIAL * TRIAL * TRIAL * TRIAL * TRIAL * TRIAL * TRIAL * TRIAL * TRIAL * TRIAL *',NULL,'{"crop": [17, 17, 17, null, null, null, null, null, null, null], "crop_type": [0, 0, 0, 0, 0, 0, 0, 0, 0, 0], "crop_type_selection": [0, 0, 0, 0, 0, 0, 0, 0, 0, 0], "cb_generate_crop_recordset_1": [], "cb_generate_crop_recordset": [], "cb_generate_crop_type_1": [], "cb_generate_crop_type": [], "livestock_farming": false}','* TRIAL * TRIAL * TRIAL * TRIAL * TRIAL * TRIAL * TRIAL * TRIAL * TRIAL * TRIAL * TRIAL * TRIAL * TRIAL * TRIAL * TRIAL * TRIAL * TRIAL * TRIAL * TRIAL * TRIAL * TRIAL * TRIAL *','{"tab_general_visible": true, "tab_rotation_visible": false, "tab_generator_visible": true, "tab_organic_manure_visible": false, "tab_epm_selection_visible": false, "tab_report_visible": false}','{"whc_rz": 0, "soil_rinsing": 0, "precipitation_level": 0, "precipitation_factor": 0, "n_amount_in_manure_solid": 0, "n_amount_in_manure_liquid": 0, "n_amount_available_in_manure_solid": 0, "n_amount_available_in_manure_liquid": 0, "p_from_manure": 0, "k_from_manure": 0}'),
 (421,NULL,'2021-06-16 18:19:19.969164                              ','2021-06-16T16:19:24','{"production_system_id": 2, "rotation_duration": 3, "precipitation": 400, "precipitation_winter_selected": false, "precipitation_winter": 0, "soil_index": 30, "soil_quality_by_soil_index": true, "assessment_method": 2, "soc_method": 1, "soil_advanced_parameters_selected": false, "soil_mineralisation": 2.0, "soil_organic_matter": 0.9, "soil_c_n_ratio": 11, "soil_topsoil_depth": 1.5, "soil_stoneratio": 0, "soil_bulk_density": 30, "atmospheric_n_input": 12, "red_area": false, "overall_yield_adjustment": 0, "production_system": 2}','{"manure_solid_type": 1, "manure_solid_rotting": 1, "manure_solid_dry_matter": 20, "manure_solid_n_content": 4.0, "manure_solid_n_availability_percent": 20, "manure_solid_n_loss_percent": 14, "manure_solid_p_content": 1.2, "manure_solid_k_content": 7.4, "manure_liquid_type": 1, "manure_liquid_dry_matter": 4.0, "manure_liquid_n_content": 3.5, "manure_liquid_n_availability_percent": 45, "manure_liquid_n_loss_percent": 18, "manure_liquid_p_content": 0.5, "manure_liquid_k_content": 5.5}','{"crop": [null, null, null, null, null, null, null, null, null, null], "crop_name": [null, null, null, null, null, null, null, null, null, null], "early_termination": [false, false, false, false, false, false, false, false, false, false], "crop_type": [null, null, null, null, null, null, null, null, null, null], "strawharvest": [false, false, false, false, false, false, false, false, false, false], "undersowing": [false, false, false, false, false, false, false, false, false, false], "undersowing_winterhardiness": [0, 0, 0, 0, 0, 0, 0, 0, 0, 0], "undersowing_legume_ratio": [10, 10, 10, 10, 10, 10, 10, 10, 10, 10], "covercrop": [false, false, false, false, false, false, false, false, false, false], "covercrop_id": [1, 1, 1, 1, 1, 1, 1, 1, 1, 1], "covercrop_winterhardiness": [0, 0, 0, 0, 0, 0, 0, 0, 0, 0], "covercrop_legume_ratio": [10, 10, 10, 10, 10, 10, 10, 10, 10, 10], "covercrop_harvest": [false, false, false, false, false, false, false, false, false, false], "use_std_manure_value": [true, true, true, true, true, true, true, true, true, true], "manure_liquid_solid_type_id": [4, 4, 4, 4, 4, 4, 4, 4, 4, 4], "manure_amount_solid": [50, 50, 50, 50, 50, 50, 50, 50, 50, 50], "manure_amount_liquid": [100, 100, 100, 100, 100, 100, 100, 100, 100, 100], "yield_adjustment": [0, 0, 0, 0, 0, 0, 0, 0, 0, 0]}','{"crop_rotation": [], "yield_cpa_dt": [0, 0, 0, 0, 0, 0, 0, 0, 0, 0], "yield_cpa_dt_organic_manure": [0, 0, 0, 0, 0, 0, 0, 0, 0, 0], "n_available_kg_per_ha": [0, 0, 0, 0, 0, 0, 0, 0, 0, 0], "p_available_kg_per_ha": [0, 0, 0, 0, 0, 0, 0, 0, 0, 0], "k_available_kg_per_ha": [0, 0, 0, 0, 0, 0, 0, 0, 0, 0], "delta_n_cpa": [0, 0, 0, 0, 0, 0, 0, 0, 0, 0], "n_fixation": [0, 0, 0, 0, 0, 0, 0, 0, 0, 0], "n_from_manure": [0, 0, 0, 0, 0, 0, 0, 0, 0, 0], "n_from_seeds": [0, 0, 0, 0, 0, 0, 0, 0, 0, 0], "n_removed_b_harvest": [0, 0, 0, 0, 0, 0, 0, 0, 0, 0], "n_leached": [0, 0, 0, 0, 0, 0, 0, 0, 0, 0], "n_volatilized": [0, 0, 0, 0, 0, 0, 0, 0, 0, 0], "n_need_crop_per_dt": [0, 0, 0, 0, 0, 0, 0, 0, 0, 0], "n_level": [1, 1, 1, 1, 1, 1, 1, 1, 1, 1], "yield_correction_factor_undersowing": [1, 1, 1, 1, 1, 1, 1, 1, 1, 1], "yield_cpa": [0, 0, 0, 0, 0, 0, 0, 0, 0, 0], "yield_cpa_manured": [0, 0, 0, 0, 0, 0, 0, 0, 0, 0], "yield_tot": [0, 0, 0, 0, 0, 0, 0, 0, 0, 0], "som_organic_manure_leithold": [0, 0, 0, 0, 0, 0, 0, 0, 0, 0], "ndfa_reduction": [1, 1, 1, 1, 1, 1, 1, 1, 1, 1], "n_mineralisation_som_pa": 0, "n_level_mineralisation_pa": 0, "ndf_soil": [0, 0, 0, 0, 0, 0, 0, 0, 0, 0], "coefficient_n_min": [0, 0, 0, 0, 0, 0, 0, 0, 0, 0], "n_need_per_dt": [0, 0, 0, 0, 0, 0, 0, 0, 0, 0], "weed_infestation_index_q": [0, 0, 0, 0, 0, 0, 0, 0, 0, 0], "weed_infestation_index_sa": [0, 0, 0, 0, 0, 0, 0, 0, 0, 0], "weed_infestation_index_wa": [0, 0, 0, 0, 0, 0, 0, 0, 0, 0], "est_probability_cc_us": [0, 0, 0, 0, 0, 0, 0, 0, 0, 0]}',NULL,'{"crop": [17, 17, 17, null, null, null, null, null, null, null], "crop_type": [0, 0, 0, 0, 0, 0, 0, 0, 0, 0], "crop_type_selection": [0, 0, 0, 0, 0, 0, 0, 0, 0, 0], "cb_generate_crop_recordset_1": [], "cb_generate_crop_recordset": [], "cb_generate_crop_type_1": [], "cb_generate_crop_type": [], "livestock_farming": false}','{"environmental_protection_measures_id": [1, 1, 1, 1, 1, 1, 1, 1, 1, 1], "tillage_id": [1, 1, 1, 1, 1, 1, 1, 1, 1, 1], "yield_correction_factor": [1, 1, 1, 1, 1, 1, 1, 1, 1, 1]}','* TRIAL * TRIAL * TRIAL * TRIAL * TRIAL * TRIAL * TRIAL * TRIAL * TRIAL * TRIAL * TRIAL * TRIAL * TRIAL * TRIAL * TRIAL * TRIAL * TRIAL * TRIAL * TRIAL * TRIAL * TRIAL * TRIAL * TRIAL * TRIAL *','* TRIAL * TRIAL * TRIAL * TRIAL * TRIAL * TRIAL * TRIAL * TRIAL * TRIAL * TRIAL * TRIAL * TRIAL * TRIAL * TRIAL * TRIAL * TRIAL * TRIAL * TRIAL * TRIAL * TRIAL * TRIAL * TRIAL * TRIAL * TRIAL * TRIAL * TRIAL * TRIAL * TRIAL * TRIAL * TRIAL * TRIAL * TRIAL * TRIAL * TRIAL'),
 (422,NULL,'* TRIAL * TRIAL * TRIAL * TRIAL * TRIAL * TRIAL * TRIAL ','2021-06-16T16:19:51','* TRIAL * TRIAL * TRIAL * TRIAL * TRIAL * TRIAL * TRIAL * TRIAL * TRIAL * TRIAL * TRIAL * TRIAL * TRIAL * TRIAL * TRIAL * TRIAL * TRIAL * TRIAL * TRIAL * TRIAL * TRIAL * TRIAL * TRIAL * TRIAL * TRIAL * TRIAL * TRIAL * TRIAL * TRIAL * TRIAL * TRIAL * TRIAL * TRIAL * TRIAL * TRIAL * TRIAL * TRIAL * TRIAL * TRIAL * TRIAL * TRIAL * TRIAL * TRIAL * TRIAL * TRIAL * TRIAL * TRIAL * TRIAL * TRIAL * TRIAL * TRIAL * TRIAL * TRIAL * TRIAL * TRIAL * TRIAL * TRIAL * TRIAL * TRIAL * TRIAL * TRIAL * TRIAL * TRIAL * TRIAL * TRIAL * TRIAL * TR','{"manure_solid_type": 1, "manure_solid_rotting": 1, "manure_solid_dry_matter": 20, "manure_solid_n_content": 4.0, "manure_solid_n_availability_percent": 20, "manure_solid_n_loss_percent": 14, "manure_solid_p_content": 1.2, "manure_solid_k_content": 7.4, "manure_liquid_type": 1, "manure_liquid_dry_matter": 4.0, "manure_liquid_n_content": 3.5, "manure_liquid_n_availability_percent": 45, "manure_liquid_n_loss_percent": 18, "manure_liquid_p_content": 0.5, "manure_liquid_k_content": 5.5}','{"crop": [null, null, null, null, null, null, null, null, null, null], "crop_name": [null, null, null, null, null, null, null, null, null, null], "early_termination": [false, false, false, false, false, false, false, false, false, false], "crop_type": [null, null, null, null, null, null, null, null, null, null], "strawharvest": [false, false, false, false, false, false, false, false, false, false], "undersowing": [false, false, false, false, false, false, false, false, false, false], "undersowing_winterhardiness": [0, 0, 0, 0, 0, 0, 0, 0, 0, 0], "undersowing_legume_ratio": [10, 10, 10, 10, 10, 10, 10, 10, 10, 10], "covercrop": [false, false, false, false, false, false, false, false, false, false], "covercrop_id": [1, 1, 1, 1, 1, 1, 1, 1, 1, 1], "covercrop_winterhardiness": [0, 0, 0, 0, 0, 0, 0, 0, 0, 0], "covercrop_legume_ratio": [10, 10, 10, 10, 10, 10, 10, 10, 10, 10], "covercrop_harvest": [false, false, false, false, false, false, false, false, false, false], "use_std_manure_value": [true, true, true, true, true, true, true, true, true, true], "manure_liquid_solid_type_id": [4, 4, 4, 4, 4, 4, 4, 4, 4, 4], "manure_amount_solid": [50, 50, 50, 50, 50, 50, 50, 50, 50, 50], "manure_amount_liquid": [100, 100, 100, 100, 100, 100, 100, 100, 100, 100], "yield_adjustment": [0, 0, 0, 0, 0, 0, 0, 0, 0, 0]}','{"crop_rotation": [], "yield_cpa_dt": [0, 0, 0, 0, 0, 0, 0, 0, 0, 0], "yield_cpa_dt_organic_manure": [0, 0, 0, 0, 0, 0, 0, 0, 0, 0], "n_available_kg_per_ha": [0, 0, 0, 0, 0, 0, 0, 0, 0, 0], "p_available_kg_per_ha": [0, 0, 0, 0, 0, 0, 0, 0, 0, 0], "k_available_kg_per_ha": [0, 0, 0, 0, 0, 0, 0, 0, 0, 0], "delta_n_cpa": [0, 0, 0, 0, 0, 0, 0, 0, 0, 0], "n_fixation": [0, 0, 0, 0, 0, 0, 0, 0, 0, 0], "n_from_manure": [0, 0, 0, 0, 0, 0, 0, 0, 0, 0], "n_from_seeds": [0, 0, 0, 0, 0, 0, 0, 0, 0, 0], "n_removed_b_harvest": [0, 0, 0, 0, 0, 0, 0, 0, 0, 0], "n_leached": [0, 0, 0, 0, 0, 0, 0, 0, 0, 0], "n_volatilized": [0, 0, 0, 0, 0, 0, 0, 0, 0, 0], "n_need_crop_per_dt": [0, 0, 0, 0, 0, 0, 0, 0, 0, 0], "n_level": [1, 1, 1, 1, 1, 1, 1, 1, 1, 1], "yield_correction_factor_undersowing": [1, 1, 1, 1, 1, 1, 1, 1, 1, 1], "yield_cpa": [0, 0, 0, 0, 0, 0, 0, 0, 0, 0], "yield_cpa_manured": [0, 0, 0, 0, 0, 0, 0, 0, 0, 0], "yield_tot": [0, 0, 0, 0, 0, 0, 0, 0, 0, 0], "som_organic_manure_leithold": [0, 0, 0, 0, 0, 0, 0, 0, 0, 0], "ndfa_reduction": [1, 1, 1, 1, 1, 1, 1, 1, 1, 1], "n_mineralisation_som_pa": 0, "n_level_mineralisation_pa": 0, "ndf_soil": [0, 0, 0, 0, 0, 0, 0, 0, 0, 0], "coefficient_n_min": [0, 0, 0, 0, 0, 0, 0, 0, 0, 0], "n_need_per_dt": [0, 0, 0, 0, 0, 0, 0, 0, 0, 0], "weed_infestation_index_q": [0, 0, 0, 0, 0, 0, 0, 0, 0, 0], "weed_infestation_index_sa": [0, 0, 0, 0, 0, 0, 0, 0, 0, 0], "weed_infestation_index_wa": [0, 0, 0, 0, 0, 0, 0, 0, 0, 0], "est_probability_cc_us": [0, 0, 0, 0, 0, 0, 0, 0, 0, 0]}',NULL,'{"crop": [17, 17, 17, null, null, null, null, null, null, null], "crop_type": [0, 0, 0, 0, 0, 0, 0, 0, 0, 0], "crop_type_selection": [0, 0, 0, 0, 0, 0, 0, 0, 0, 0], "cb_generate_crop_recordset_1": [], "cb_generate_crop_recordset": [], "cb_generate_crop_type_1": [], "cb_generate_crop_type": [], "livestock_farming": false}','{"environmental_protection_measures_id": [1, 1, 1, 1, 1, 1, 1, 1, 1, 1], "tillage_id": [1, 1, 1, 1, 1, 1, 1, 1, 1, 1], "yield_correction_factor": [1, 1, 1, 1, 1, 1, 1, 1, 1, 1]}','* TRIAL * TRIAL * TRIAL * TRIAL * TRIAL * TRIAL * TRIAL * TRIAL * TRIAL * TRIAL * TRIAL * TRIAL * TRIAL * TRIAL * TRIAL * TRIAL * TRIAL * TRIAL * TRIAL * TRIAL * TRIAL * TRIAL * TRIAL * TRIAL *','{"whc_rz": 0, "soil_rinsing": 0, "precipitation_level": 0, "precipitation_factor": 0, "n_amount_in_manure_solid": 0, "n_amount_in_manure_liquid": 0, "n_amount_available_in_manure_solid": 0, "n_amount_available_in_manure_liquid": 0, "p_from_manure": 0, "k_from_manure": 0}'),
 (423,NULL,'2021-06-16 18:23:02.330424                              ','2021-06-16T16:23:09','{"production_system_id": 2, "rotation_duration": 3, "precipitation": 400, "precipitation_winter_selected": false, "precipitation_winter": 0, "soil_index": 30, "soil_quality_by_soil_index": true, "assessment_method": 2, "soc_method": 1, "soil_advanced_parameters_selected": false, "soil_mineralisation": 2.0, "soil_organic_matter": 0.9, "soil_c_n_ratio": 11, "soil_topsoil_depth": 1.5, "soil_stoneratio": 0, "soil_bulk_density": 30, "atmospheric_n_input": 12, "red_area": false, "overall_yield_adjustment": 0, "production_system": 2}','{"manure_solid_type": 1, "manure_solid_rotting": 1, "manure_solid_dry_matter": 20, "manure_solid_n_content": 4.0, "manure_solid_n_availability_percent": 20, "manure_solid_n_loss_percent": 14, "manure_solid_p_content": 1.2, "manure_solid_k_content": 7.4, "manure_liquid_type": 1, "manure_liquid_dry_matter": 4.0, "manure_liquid_n_content": 3.5, "manure_liquid_n_availability_percent": 45, "manure_liquid_n_loss_percent": 18, "manure_liquid_p_content": 0.5, "manure_liquid_k_content": 5.5}','{"crop": [null, null, null, null, null, null, null, null, null, null], "crop_name": [null, null, null, null, null, null, null, null, null, null], "early_termination": [false, false, false, false, false, false, false, false, false, false], "crop_type": [null, null, null, null, null, null, null, null, null, null], "strawharvest": [false, false, false, false, false, false, false, false, false, false], "undersowing": [false, false, false, false, false, false, false, false, false, false], "undersowing_winterhardiness": [0, 0, 0, 0, 0, 0, 0, 0, 0, 0], "undersowing_legume_ratio": [10, 10, 10, 10, 10, 10, 10, 10, 10, 10], "covercrop": [false, false, false, false, false, false, false, false, false, false], "covercrop_id": [1, 1, 1, 1, 1, 1, 1, 1, 1, 1], "covercrop_winterhardiness": [0, 0, 0, 0, 0, 0, 0, 0, 0, 0], "covercrop_legume_ratio": [10, 10, 10, 10, 10, 10, 10, 10, 10, 10], "covercrop_harvest": [false, false, false, false, false, false, false, false, false, false], "use_std_manure_value": [true, true, true, true, true, true, true, true, true, true], "manure_liquid_solid_type_id": [4, 4, 4, 4, 4, 4, 4, 4, 4, 4], "manure_amount_solid": [50, 50, 50, 50, 50, 50, 50, 50, 50, 50], "manure_amount_liquid": [100, 100, 100, 100, 100, 100, 100, 100, 100, 100], "yield_adjustment": [0, 0, 0, 0, 0, 0, 0, 0, 0, 0]}','* TRIAL * TRIAL * TRIAL * TRIAL * TRIAL * TRIAL * TRIAL * TRIAL * TRIAL * TRIAL * TRIAL * TRIAL * TRIAL * TRIAL * TRIAL * TRIAL * TRIAL * TRIAL * TRIAL * TRIAL * TRIAL * TRIAL * TRIAL * TRIAL * TRIAL * TRIAL * TRIAL * TRIAL * TRIAL * TRIAL * TRIAL * TRIAL * TRIAL * TRIAL * TRIAL * TRIAL * TRIAL * TRIAL * TRIAL * TRIAL * TRIAL * TRIAL * TRIAL * TRIAL * TRIAL * TRIAL * TRIAL * TRIAL * TRIAL * TRIAL * TRIAL * TRIAL * TRIAL * TRIAL * TRIAL * TRIAL * TRIAL * TRIAL * TRIAL * TRIAL * TRIAL * TRIAL * TRIAL * TRIAL * TRIAL * TRIAL * TRIAL * TRIAL * TRIAL * TRIAL * TRIAL * TRIAL * TRIAL * TRIAL * TRIAL * TRIAL * TRIAL * TRIAL * TRIAL * TRIAL * TRIAL * TRIAL * TRIAL * TRIAL * TRIAL * TRIAL * TRIAL * TRIAL * TRIAL * TRIAL * TRIAL * TRIAL * TRIAL * TRIAL * TRIAL * TRIAL * TRIAL * TRIAL * TRIAL * TRIAL * TRIAL * TRIAL * TRIAL * TRIAL * TRIAL * TRIAL * TRIAL * TRIAL * TRIAL * TRIAL * TRIAL * TRIAL * TRIAL * TRIAL * TRIAL * TRIAL * TRIAL * TRIAL * TRIAL * TRIAL * TRIAL * TRIAL * TRIAL * TRIAL * TRIAL * TRIAL * TRIAL * TRIAL * TRIAL * TRIAL * TRIAL * TRIAL * TRIAL * TRIAL * TRIAL * TRIAL * TRIAL * TRIAL * TRIAL * TRIAL * TRIAL * TRIAL * TRIAL * TRIAL * TRIAL * TRIAL * TRIAL * TRIAL * TRIAL * TRIAL * TRIAL * TRIAL * TRIAL * TRIAL * TRIAL * TRIAL * TRIAL * TRIAL * TRIAL * TRIAL * TRIAL * TRIAL * TRIAL * TRIAL * TRIAL * TRIAL * TRIAL * TRIAL * TRIAL * TRIAL * TRIAL * TRIAL * TRIAL * TRIAL * TRIAL * TRIAL * TRIAL * TRIAL * TRIAL * TRIAL * TRIAL * TRIAL * TRIAL * TRIAL * TRIAL * TRIAL * TRIAL * TRIAL * TRIAL *',NULL,'{"crop": [17, 17, 17, null, null, null, null, null, null, null], "crop_type": [0, 0, 0, 0, 0, 0, 0, 0, 0, 0], "crop_type_selection": [0, 0, 0, 0, 0, 0, 0, 0, 0, 0], "cb_generate_crop_recordset_1": [], "cb_generate_crop_recordset": [], "cb_generate_crop_type_1": [], "cb_generate_crop_type": [], "livestock_farming": false}','{"environmental_protection_measures_id": [1, 1, 1, 1, 1, 1, 1, 1, 1, 1], "tillage_id": [1, 1, 1, 1, 1, 1, 1, 1, 1, 1], "yield_correction_factor": [1, 1, 1, 1, 1, 1, 1, 1, 1, 1]}','* TRIAL * TRIAL * TRIAL * TRIAL * TRIAL * TRIAL * TRIAL * TRIAL * TRIAL * TRIAL * TRIAL * TRIAL * TRIAL * TRIAL * TRIAL * TRIAL * TRIAL * TRIAL * TRIAL * TRIAL * TRIAL * TRIAL * TRIAL * TRIAL *','* TRIAL * TRIAL * TRIAL * TRIAL * TRIAL * TRIAL * TRIAL * TRIAL * TRIAL * TRIAL * TRIAL * TRIAL * TRIAL * TRIAL * TRIAL * TRIAL * TRIAL * TRIAL * TRIAL * TRIAL * TRIAL * TRIAL * TRIAL * TRIAL * TRIAL * TRIAL * TRIAL * TRIAL * TRIAL * TRIAL * TRIAL * TRIAL * TRIAL * TRIAL'),
 (424,NULL,'* TRIAL * TRIAL * TRIAL * TRIAL * TRIAL * TRIAL * TRIAL ','2021-06-16T16:27:58','* TRIAL * TRIAL * TRIAL * TRIAL * TRIAL * TRIAL * TRIAL * TRIAL * TRIAL * TRIAL * TRIAL * TRIAL * TRIAL * TRIAL * TRIAL * TRIAL * TRIAL * TRIAL * TRIAL * TRIAL * TRIAL * TRIAL * TRIAL * TRIAL * TRIAL * TRIAL * TRIAL * TRIAL * TRIAL * TRIAL * TRIAL * TRIAL * TRIAL * TRIAL * TRIAL * TRIAL * TRIAL * TRIAL * TRIAL * TRIAL * TRIAL * TRIAL * TRIAL * TRIAL * TRIAL * TRIAL * TRIAL * TRIAL * TRIAL * TRIAL * TRIAL * TRIAL * TRIAL * TRIAL * TRIAL * TRIAL * TRIAL * TRIAL * TRIAL * TRIAL * TRIAL * TRIAL * TRIAL * TRIAL * TRIAL * TRIAL * TR','* TRIAL * TRIAL * TRIAL * TRIAL * TRIAL * TRIAL * TRIAL * TRIAL * TRIAL * TRIAL * TRIAL * TRIAL * TRIAL * TRIAL * TRIAL * TRIAL * TRIAL * TRIAL * TRIAL * TRIAL * TRIAL * TRIAL * TRIAL * TRIAL * TRIAL * TRIAL * TRIAL * TRIAL * TRIAL * TRIAL * TRIAL * TRIAL * TRIAL * TRIAL * TRIAL * TRIAL * TRIAL * TRIAL * TRIAL * TRIAL * TRIAL * TRIAL * TRIAL * TRIAL * TRIAL * TRIAL * TRIAL * TRIAL * TRIAL * TRIAL * TRIAL * TRIAL * TRIAL * TRIAL * TRIAL * TRIAL * TRIAL * TRIAL * TRIAL * TRIAL * TRIAL','* TRIAL * TRIAL * TRIAL * TRIAL * TRIAL * TRIAL * TRIAL * TRIAL * TRIAL * TRIAL * TRIAL * TRIAL * TRIAL * TRIAL * TRIAL * TRIAL * TRIAL * TRIAL * TRIAL * TRIAL * TRIAL * TRIAL * TRIAL * TRIAL * TRIAL * TRIAL * TRIAL * TRIAL * TRIAL * TRIAL * TRIAL * TRIAL * TRIAL * TRIAL * TRIAL * TRIAL * TRIAL * TRIAL * TRIAL * TRIAL * TRIAL * TRIAL * TRIAL * TRIAL * TRIAL * TRIAL * TRIAL * TRIAL * TRIAL * TRIAL * TRIAL * TRIAL * TRIAL * TRIAL * TRIAL * TRIAL * TRIAL * TRIAL * TRIAL * TRIAL * TRIAL * TRIAL * TRIAL * TRIAL * TRIAL * TRIAL * TRIAL * TRIAL * TRIAL * TRIAL * TRIAL * TRIAL * TRIAL * TRIAL * TRIAL * TRIAL * TRIAL * TRIAL * TRIAL * TRIAL * TRIAL * TRIAL * TRIAL * TRIAL * TRIAL * TRIAL * TRIAL * TRIAL * TRIAL * TRIAL * TRIAL * TRIAL * TRIAL * TRIAL * TRIAL * TRIAL * TRIAL * TRIAL * TRIAL * TRIAL * TRIAL * TRIAL * TRIAL * TRIAL * TRIAL * TRIAL * TRIAL * TRIAL * TRIAL * TRIAL * TRIAL * TRIAL * TRIAL * TRIAL * TRIAL * TRIAL * TRIAL * TRIAL * TRIAL * TRIAL * TRIAL * TRIAL * TRIAL * TRIAL * TRIAL * TRIAL * TRIAL * TRIAL * TRIAL * TRIAL * TRIAL * TRIAL * TRIAL * TRIAL * TRIAL * TRIAL * TRIAL * TRIAL * TRIAL * TRIAL * TRIAL * TRIAL * TRIAL * TRIAL * TRIAL * TRIAL * TRIAL * TRIAL * TRIAL * TRIAL * TRIAL * TRIAL * TRIAL * TRIAL * TRIAL * TRIAL * TRIAL * TRIAL * TRIAL * TRIAL * TRIAL * TRIAL * TRIAL * TRIAL * TRIA','{"crop_rotation": [], "yield_cpa_dt": [0, 0, 0, 0, 0, 0, 0, 0, 0, 0], "yield_cpa_dt_organic_manure": [0, 0, 0, 0, 0, 0, 0, 0, 0, 0], "n_available_kg_per_ha": [0, 0, 0, 0, 0, 0, 0, 0, 0, 0], "p_available_kg_per_ha": [0, 0, 0, 0, 0, 0, 0, 0, 0, 0], "k_available_kg_per_ha": [0, 0, 0, 0, 0, 0, 0, 0, 0, 0], "delta_n_cpa": [0, 0, 0, 0, 0, 0, 0, 0, 0, 0], "n_fixation": [0, 0, 0, 0, 0, 0, 0, 0, 0, 0], "n_from_manure": [0, 0, 0, 0, 0, 0, 0, 0, 0, 0], "n_from_seeds": [0, 0, 0, 0, 0, 0, 0, 0, 0, 0], "n_removed_b_harvest": [0, 0, 0, 0, 0, 0, 0, 0, 0, 0], "n_leached": [0, 0, 0, 0, 0, 0, 0, 0, 0, 0], "n_volatilized": [0, 0, 0, 0, 0, 0, 0, 0, 0, 0], "n_need_crop_per_dt": [0, 0, 0, 0, 0, 0, 0, 0, 0, 0], "n_level": [1, 1, 1, 1, 1, 1, 1, 1, 1, 1], "yield_correction_factor_undersowing": [1, 1, 1, 1, 1, 1, 1, 1, 1, 1], "yield_cpa": [0, 0, 0, 0, 0, 0, 0, 0, 0, 0], "yield_cpa_manured": [0, 0, 0, 0, 0, 0, 0, 0, 0, 0], "yield_tot": [0, 0, 0, 0, 0, 0, 0, 0, 0, 0], "som_organic_manure_leithold": [0, 0, 0, 0, 0, 0, 0, 0, 0, 0], "ndfa_reduction": [1, 1, 1, 1, 1, 1, 1, 1, 1, 1], "n_mineralisation_som_pa": 0, "n_level_mineralisation_pa": 0, "ndf_soil": [0, 0, 0, 0, 0, 0, 0, 0, 0, 0], "coefficient_n_min": [0, 0, 0, 0, 0, 0, 0, 0, 0, 0], "n_need_per_dt": [0, 0, 0, 0, 0, 0, 0, 0, 0, 0], "weed_infestation_index_q": [0, 0, 0, 0, 0, 0, 0, 0, 0, 0], "weed_infestation_index_sa": [0, 0, 0, 0, 0, 0, 0, 0, 0, 0], "weed_infestation_index_wa": [0, 0, 0, 0, 0, 0, 0, 0, 0, 0], "est_probability_cc_us": [0, 0, 0, 0, 0, 0, 0, 0, 0, 0]}',NULL,'{"crop": [17, 17, 17, null, null, null, null, null, null, null], "crop_type": [0, 0, 0, 0, 0, 0, 0, 0, 0, 0], "crop_type_selection": [0, 0, 0, 0, 0, 0, 0, 0, 0, 0], "cb_generate_crop_recordset_1": [], "cb_generate_crop_recordset": [], "cb_generate_crop_type_1": [], "cb_generate_crop_type": [], "livestock_farming": false}','{"environmental_protection_measures_id": [1, 1, 1, 1, 1, 1, 1, 1, 1, 1], "tillage_id": [1, 1, 1, 1, 1, 1, 1, 1, 1, 1], "yield_correction_factor": [1, 1, 1, 1, 1, 1, 1, 1, 1, 1]}','* TRIAL * TRIAL * TRIAL * TRIAL * TRIAL * TRIAL * TRIAL * TRIAL * TRIAL * TRIAL * TRIAL * TRIAL * TRIAL * TRIAL * TRIAL * TRIAL * TRIAL * TRIAL * TRIAL * TRIAL * TRIAL * TRIAL * TRIAL * TRIAL *','* TRIAL * TRIAL * TRIAL * TRIAL * TRIAL * TRIAL * TRIAL * TRIAL * TRIAL * TRIAL * TRIAL * TRIAL * TRIAL * TRIAL * TRIAL * TRIAL * TRIAL * TRIAL * TRIAL * TRIAL * TRIAL * TRIAL * TRIAL * TRIAL * TRIAL * TRIAL * TRIAL * TRIAL * TRIAL * TRIAL * TRIAL * TRIAL * TRIAL * TRIAL'),
 (425,NULL,'* TRIAL * TRIAL * TRIAL * TRIAL * TRIAL * TRIAL * TRIAL ','2021-06-16T16:28:40','{"production_system_id": 2, "rotation_duration": 3, "precipitation": 400, "precipitation_winter_selected": false, "precipitation_winter": 0, "soil_index": 30, "soil_quality_by_soil_index": true, "assessment_method": 2, "soc_method": 1, "soil_advanced_parameters_selected": false, "soil_mineralisation": 2.0, "soil_organic_matter": 0.9, "soil_c_n_ratio": 11, "soil_topsoil_depth": 1.5, "soil_stoneratio": 0, "soil_bulk_density": 30, "atmospheric_n_input": 12, "red_area": false, "overall_yield_adjustment": 0, "production_system": 2}','{"manure_solid_type": 1, "manure_solid_rotting": 1, "manure_solid_dry_matter": 20, "manure_solid_n_content": 4.0, "manure_solid_n_availability_percent": 20, "manure_solid_n_loss_percent": 14, "manure_solid_p_content": 1.2, "manure_solid_k_content": 7.4, "manure_liquid_type": 1, "manure_liquid_dry_matter": 4.0, "manure_liquid_n_content": 3.5, "manure_liquid_n_availability_percent": 45, "manure_liquid_n_loss_percent": 18, "manure_liquid_p_content": 0.5, "manure_liquid_k_content": 5.5}','* TRIAL * TRIAL * TRIAL * TRIAL * TRIAL * TRIAL * TRIAL * TRIAL * TRIAL * TRIAL * TRIAL * TRIAL * TRIAL * TRIAL * TRIAL * TRIAL * TRIAL * TRIAL * TRIAL * TRIAL * TRIAL * TRIAL * TRIAL * TRIAL * TRIAL * TRIAL * TRIAL * TRIAL * TRIAL * TRIAL * TRIAL * TRIAL * TRIAL * TRIAL * TRIAL * TRIAL * TRIAL * TRIAL * TRIAL * TRIAL * TRIAL * TRIAL * TRIAL * TRIAL * TRIAL * TRIAL * TRIAL * TRIAL * TRIAL * TRIAL * TRIAL * TRIAL * TRIAL * TRIAL * TRIAL * TRIAL * TRIAL * TRIAL * TRIAL * TRIAL * TRIAL * TRIAL * TRIAL * TRIAL * TRIAL * TRIAL * TRIAL * TRIAL * TRIAL * TRIAL * TRIAL * TRIAL * TRIAL * TRIAL * TRIAL * TRIAL * TRIAL * TRIAL * TRIAL * TRIAL * TRIAL * TRIAL * TRIAL * TRIAL * TRIAL * TRIAL * TRIAL * TRIAL * TRIAL * TRIAL * TRIAL * TRIAL * TRIAL * TRIAL * TRIAL * TRIAL * TRIAL * TRIAL * TRIAL * TRIAL * TRIAL * TRIAL * TRIAL * TRIAL * TRIAL * TRIAL * TRIAL * TRIAL * TRIAL * TRIAL * TRIAL * TRIAL * TRIAL * TRIAL * TRIAL * TRIAL * TRIAL * TRIAL * TRIAL * TRIAL * TRIAL * TRIAL * TRIAL * TRIAL * TRIAL * TRIAL * TRIAL * TRIAL * TRIAL * TRIAL * TRIAL * TRIAL * TRIAL * TRIAL * TRIAL * TRIAL * TRIAL * TRIAL * TRIAL * TRIAL * TRIAL * TRIAL * TRIAL * TRIAL * TRIAL * TRIAL * TRIAL * TRIAL * TRIAL * TRIAL * TRIAL * TRIAL * TRIAL * TRIAL * TRIAL * TRIAL * TRIAL * TRIAL * TRIAL * TRIAL * TRIAL * TRIAL * TRIAL * TRIAL * TRIA','{"crop_rotation": [], "yield_cpa_dt": [0, 0, 0, 0, 0, 0, 0, 0, 0, 0], "yield_cpa_dt_organic_manure": [0, 0, 0, 0, 0, 0, 0, 0, 0, 0], "n_available_kg_per_ha": [0, 0, 0, 0, 0, 0, 0, 0, 0, 0], "p_available_kg_per_ha": [0, 0, 0, 0, 0, 0, 0, 0, 0, 0], "k_available_kg_per_ha": [0, 0, 0, 0, 0, 0, 0, 0, 0, 0], "delta_n_cpa": [0, 0, 0, 0, 0, 0, 0, 0, 0, 0], "n_fixation": [0, 0, 0, 0, 0, 0, 0, 0, 0, 0], "n_from_manure": [0, 0, 0, 0, 0, 0, 0, 0, 0, 0], "n_from_seeds": [0, 0, 0, 0, 0, 0, 0, 0, 0, 0], "n_removed_b_harvest": [0, 0, 0, 0, 0, 0, 0, 0, 0, 0], "n_leached": [0, 0, 0, 0, 0, 0, 0, 0, 0, 0], "n_volatilized": [0, 0, 0, 0, 0, 0, 0, 0, 0, 0], "n_need_crop_per_dt": [0, 0, 0, 0, 0, 0, 0, 0, 0, 0], "n_level": [1, 1, 1, 1, 1, 1, 1, 1, 1, 1], "yield_correction_factor_undersowing": [1, 1, 1, 1, 1, 1, 1, 1, 1, 1], "yield_cpa": [0, 0, 0, 0, 0, 0, 0, 0, 0, 0], "yield_cpa_manured": [0, 0, 0, 0, 0, 0, 0, 0, 0, 0], "yield_tot": [0, 0, 0, 0, 0, 0, 0, 0, 0, 0], "som_organic_manure_leithold": [0, 0, 0, 0, 0, 0, 0, 0, 0, 0], "ndfa_reduction": [1, 1, 1, 1, 1, 1, 1, 1, 1, 1], "n_mineralisation_som_pa": 0, "n_level_mineralisation_pa": 0, "ndf_soil": [0, 0, 0, 0, 0, 0, 0, 0, 0, 0], "coefficient_n_min": [0, 0, 0, 0, 0, 0, 0, 0, 0, 0], "n_need_per_dt": [0, 0, 0, 0, 0, 0, 0, 0, 0, 0], "weed_infestation_index_q": [0, 0, 0, 0, 0, 0, 0, 0, 0, 0], "weed_infestation_index_sa": [0, 0, 0, 0, 0, 0, 0, 0, 0, 0], "weed_infestation_index_wa": [0, 0, 0, 0, 0, 0, 0, 0, 0, 0], "est_probability_cc_us": [0, 0, 0, 0, 0, 0, 0, 0, 0, 0]}',NULL,'{"crop": [17, 17, 17, null, null, null, null, null, null, null], "crop_type": [0, 0, 0, 0, 0, 0, 0, 0, 0, 0], "crop_type_selection": [0, 0, 0, 0, 0, 0, 0, 0, 0, 0], "cb_generate_crop_recordset_1": [], "cb_generate_crop_recordset": [], "cb_generate_crop_type_1": [], "cb_generate_crop_type": [], "livestock_farming": false}','{"environmental_protection_measures_id": [1, 1, 1, 1, 1, 1, 1, 1, 1, 1], "tillage_id": [1, 1, 1, 1, 1, 1, 1, 1, 1, 1], "yield_correction_factor": [1, 1, 1, 1, 1, 1, 1, 1, 1, 1]}','{"tab_general_visible": true, "tab_rotation_visible": false, "tab_generator_visible": true, "tab_organic_manure_visible": false, "tab_epm_selection_visible": false, "tab_report_visible": false}','{"whc_rz": 0, "soil_rinsing": 0, "precipitation_level": 0, "precipitation_factor": 0, "n_amount_in_manure_solid": 0, "n_amount_in_manure_liquid": 0, "n_amount_available_in_manure_solid": 0, "n_amount_available_in_manure_liquid": 0, "p_from_manure": 0, "k_from_manure": 0}'),
 (426,NULL,'2021-06-16 18:29:57.483914                              ','2021-06-16T16:31:01','* TRIAL * TRIAL * TRIAL * TRIAL * TRIAL * TRIAL * TRIAL * TRIAL * TRIAL * TRIAL * TRIAL * TRIAL * TRIAL * TRIAL * TRIAL * TRIAL * TRIAL * TRIAL * TRIAL * TRIAL * TRIAL * TRIAL * TRIAL * TRIAL * TRIAL * TRIAL * TRIAL * TRIAL * TRIAL * TRIAL * TRIAL * TRIAL * TRIAL * TRIAL * TRIAL * TRIAL * TRIAL * TRIAL * TRIAL * TRIAL * TRIAL * TRIAL * TRIAL * TRIAL * TRIAL * TRIAL * TRIAL * TRIAL * TRIAL * TRIAL * TRIAL * TRIAL * TRIAL * TRIAL * TRIAL * TRIAL * TRIAL * TRIAL * TRIAL * TRIAL * TRIAL * TRIAL * TRIAL * TRIAL * TRIAL * TRIAL * TR','{"manure_solid_type": 1, "manure_solid_rotting": 1, "manure_solid_dry_matter": 20, "manure_solid_n_content": 4.0, "manure_solid_n_availability_percent": 20, "manure_solid_n_loss_percent": 14, "manure_solid_p_content": 1.2, "manure_solid_k_content": 7.4, "manure_liquid_type": 1, "manure_liquid_dry_matter": 4.0, "manure_liquid_n_content": 3.5, "manure_liquid_n_availability_percent": 45, "manure_liquid_n_loss_percent": 18, "manure_liquid_p_content": 0.5, "manure_liquid_k_content": 5.5}','{"crop": [null, null, null, null, null, null, null, null, null, null], "crop_name": [null, null, null, null, null, null, null, null, null, null], "early_termination": [false, false, false, false, false, false, false, false, false, false], "crop_type": [null, null, null, null, null, null, null, null, null, null], "strawharvest": [false, false, false, false, false, false, false, false, false, false], "undersowing": [false, false, false, false, false, false, false, false, false, false], "undersowing_winterhardiness": [0, 0, 0, 0, 0, 0, 0, 0, 0, 0], "undersowing_legume_ratio": [10, 10, 10, 10, 10, 10, 10, 10, 10, 10], "covercrop": [false, false, false, false, false, false, false, false, false, false], "covercrop_id": [1, 1, 1, 1, 1, 1, 1, 1, 1, 1], "covercrop_winterhardiness": [0, 0, 0, 0, 0, 0, 0, 0, 0, 0], "covercrop_legume_ratio": [10, 10, 10, 10, 10, 10, 10, 10, 10, 10], "covercrop_harvest": [false, false, false, false, false, false, false, false, false, false], "use_std_manure_value": [true, true, true, true, true, true, true, true, true, true], "manure_liquid_solid_type_id": [4, 4, 4, 4, 4, 4, 4, 4, 4, 4], "manure_amount_solid": [50, 50, 50, 50, 50, 50, 50, 50, 50, 50], "manure_amount_liquid": [100, 100, 100, 100, 100, 100, 100, 100, 100, 100], "yield_adjustment": [0, 0, 0, 0, 0, 0, 0, 0, 0, 0]}','{"crop_rotation": [], "yield_cpa_dt": [0, 0, 0, 0, 0, 0, 0, 0, 0, 0], "yield_cpa_dt_organic_manure": [0, 0, 0, 0, 0, 0, 0, 0, 0, 0], "n_available_kg_per_ha": [0, 0, 0, 0, 0, 0, 0, 0, 0, 0], "p_available_kg_per_ha": [0, 0, 0, 0, 0, 0, 0, 0, 0, 0], "k_available_kg_per_ha": [0, 0, 0, 0, 0, 0, 0, 0, 0, 0], "delta_n_cpa": [0, 0, 0, 0, 0, 0, 0, 0, 0, 0], "n_fixation": [0, 0, 0, 0, 0, 0, 0, 0, 0, 0], "n_from_manure": [0, 0, 0, 0, 0, 0, 0, 0, 0, 0], "n_from_seeds": [0, 0, 0, 0, 0, 0, 0, 0, 0, 0], "n_removed_b_harvest": [0, 0, 0, 0, 0, 0, 0, 0, 0, 0], "n_leached": [0, 0, 0, 0, 0, 0, 0, 0, 0, 0], "n_volatilized": [0, 0, 0, 0, 0, 0, 0, 0, 0, 0], "n_need_crop_per_dt": [0, 0, 0, 0, 0, 0, 0, 0, 0, 0], "n_level": [1, 1, 1, 1, 1, 1, 1, 1, 1, 1], "yield_correction_factor_undersowing": [1, 1, 1, 1, 1, 1, 1, 1, 1, 1], "yield_cpa": [0, 0, 0, 0, 0, 0, 0, 0, 0, 0], "yield_cpa_manured": [0, 0, 0, 0, 0, 0, 0, 0, 0, 0], "yield_tot": [0, 0, 0, 0, 0, 0, 0, 0, 0, 0], "som_organic_manure_leithold": [0, 0, 0, 0, 0, 0, 0, 0, 0, 0], "ndfa_reduction": [1, 1, 1, 1, 1, 1, 1, 1, 1, 1], "n_mineralisation_som_pa": 0, "n_level_mineralisation_pa": 0, "ndf_soil": [0, 0, 0, 0, 0, 0, 0, 0, 0, 0], "coefficient_n_min": [0, 0, 0, 0, 0, 0, 0, 0, 0, 0], "n_need_per_dt": [0, 0, 0, 0, 0, 0, 0, 0, 0, 0], "weed_infestation_index_q": [0, 0, 0, 0, 0, 0, 0, 0, 0, 0], "weed_infestation_index_sa": [0, 0, 0, 0, 0, 0, 0, 0, 0, 0], "weed_infestation_index_wa": [0, 0, 0, 0, 0, 0, 0, 0, 0, 0], "est_probability_cc_us": [0, 0, 0, 0, 0, 0, 0, 0, 0, 0]}',NULL,'{"crop": [17, 17, 17, null, null, null, null, null, null, null], "crop_type": [0, 0, 0, 0, 0, 0, 0, 0, 0, 0], "crop_type_selection": [0, 0, 0, 0, 0, 0, 0, 0, 0, 0], "cb_generate_crop_recordset_1": [], "cb_generate_crop_recordset": [], "cb_generate_crop_type_1": [], "cb_generate_crop_type": [], "livestock_farming": false}','* TRIAL * TRIAL * TRIAL * TRIAL * TRIAL * TRIAL * TRIAL * TRIAL * TRIAL * TRIAL * TRIAL * TRIAL * TRIAL * TRIAL * TRIAL * TRIAL * TRIAL * TRIAL * TRIAL * TRIAL * TRIAL * TRIAL *','{"tab_general_visible": true, "tab_rotation_visible": false, "tab_generator_visible": true, "tab_organic_manure_visible": false, "tab_epm_selection_visible": false, "tab_report_visible": false}','{"whc_rz": 0, "soil_rinsing": 0, "precipitation_level": 0, "precipitation_factor": 0, "n_amount_in_manure_solid": 0, "n_amount_in_manure_liquid": 0, "n_amount_available_in_manure_solid": 0, "n_amount_available_in_manure_liquid": 0, "p_from_manure": 0, "k_from_manure": 0}');
INSERT INTO "report_rows_tb" ("report_rows_id","project_key","name_de","name_en","name_fr","position") VALUES (1,NULL,NULL,NULL,NULL,0),
 (2,NULL,NULL,NULL,NULL,0),
 (3,'early_termination','Früher Umbruch','* TRIAL * TRIAL *','??',30),
 (4,'* TRIAL * TR','* TRIAL * ','Strawharvest','Racolte de paille',35),
 (5,NULL,NULL,NULL,NULL,0),
 (6,'rotation_year','Jahr','year','année',0),
 (7,'undersowing','Untersaat','Undersowing','Culture sous semise',50),
 (8,'crop_name','Kultur','Crop','Culture',25),
 (9,'undersowing_legume_ratio','Leguminosenanteil','Legume ratio','Partie de légumineuse',60),
 (10,'* TRIAL * TRIAL * TRIAL * T','* TRIAL * T','* TRIAL * TRIAL','* TRIAL *',65),
 (11,'* TRIAL * TR','Zwischenfrucht','Covercrop','Culture dérobée',70),
 (12,'* TRIAL * TRIAL * TRIAL *','Winterhärte','* TRIAL * TRIAL','Rusticité',75),
 (13,'* TRIAL * TRIAL * TRIA','* TRIAL * TRIAL *','Legume ratio','Partie de légumineuse',80),
 (14,'covercrop_harvest','Zwischenfruchternte','Covercrop harvest','Récolte de la culture dérobée',85),
 (15,'yield_cpa_dt','Ertrag in dt','* TRIAL * ','Récolte',90),
 (16,'nitrogen','Stickstoff','Nitrogen','Azote',0),
 (17,'* TRIAL * TRIAL * TRI','N aus Düngung','N from manure','N de la fertilisation',100),
 (18,'n_fixation','Fixiertes N','N-fixation','N fixé',0),
 (19,'n_removed','N-Abfuhr','* TRIAL *','n enlevé',0),
 (20,'n_leached','* TRIAL * TRI','* TRIAL *','N rincé',0),
 (21,'n_balance','N-Saldo','N-balance','N solde',0),
 (22,'phosphorus','* TRIAL ','Phosphorus','Phosphore',0),
 (23,'* TRIAL * TRIAL * TRI','P aus Düngung','P from manure','P de la fertilisation',130),
 (24,'p_removed','P-Abfuhr','P removed','P enlevé',0),
 (25,'* TRIAL *','P-Saldo','P-balance','P solde',0),
 (26,'potassium','Kalium','* TRIAL *','Potassium',0),
 (27,'k_available_kg_per_ha','* TRIAL * TRI','K from manure','K de fertilisation',150),
 (28,'* TRIAL *','K-Abfuhr','K removed','K enlevé',0),
 (29,'k_balance','K-Saldo','K-balance','K-solde',0),
 (30,'humus','Humus','Humus','Humus',0),
 (31,'yield_cpa_dt_organic_manure','Gesamtertrag in dt','Total yield in dt','* TRIAL * TRIAL * TR',91);
INSERT INTO "rotation_restrictions_crop_tb" ("rotation_restrictions_crop_id","description","ff_ant","ff_ant_roth","ff_ant_original","ffa_year_1","ffa_year_2","ffa_year_3","ffa_year_4","ffa_year_5","years_of_cultivation","years_total") VALUES (0,'keine Beschränkung',1.0,1.0,1.0,0.0,0.0,0.0,0.0,0.0,1.0,1.0),
 (1,'Hafer',0.25,0.25,0.25,0.25,0.25,0.25,0.0,0.0,1.0,4.0),
 (2,'Triticale',0.34,0.33,0.25,0.25,0.25,0.25,0.0,0.0,1.0,4.0),
 (3,'Raps, Rübsen, Senf, Kohl',0.25,0.25,0.25,0.25,0.25,0.25,0.0,0.0,1.0,4.0),
 (4,'Sonnenblumen',0.2,0.2,0.2,0.2,0.2,0.2,0.2,0.0,1.0,5.0),
 (5,'Öllein, Faserlein',0.2,0.2,0.125,0.2,0.2,0.2,0.2,0.0,1.0,5.0),
 (6,'Kartoffeln',0.25,0.2,0.25,0.25,0.25,0.25,0.0,0.0,1.0,4.0),
 (7,'Pflanzkartoffeln',0.2,0.2,0.2,0.2,0.2,0.2,0.2,0.0,1.0,5.0),
 (8,'Rüben:Futt., Zuck., Rote, Möhren',0.2,0.2,0.2,0.2,0.2,0.2,0.2,0.0,1.0,5.0),
 (9,'Mais',0.5,0.5,0.5,0.5,0.0,0.0,0.0,0.0,1.0,2.0),
 (10,'* TRIAL * TRIAL * TRIAL * ',0.2,NULL,0.167,0.2,0.2,0.2,0.2,0.0,1.0,5.0),
 (11,'Ackerbohnen, Lupinen',0.25,0.25,0.25,0.25,0.25,0.25,0.0,0.0,1.0,4.0),
 (12,'Sojabohnen',0.25,0.25,0.25,0.25,0.25,0.25,0.0,0.0,1.0,4.0),
 (13,'Rotklee',0.2,0.2,0.2,0.2,0.2,0.2,0.2,0.0,1.0,5.0),
 (14,'Kleegras',0.4,0.33,0.33,0.33,0.33,0.0,0.0,0.0,1.0,3.0),
 (15,'* TRIAL ',0.5,0.5,0.5,0.5,0.0,0.0,0.0,0.0,1.0,2.0),
 (16,'* TRIAL *',0.2,0.2,0.2,0.2,0.2,0.2,0.2,0.0,1.0,5.0),
 (17,'Luzerne',0.2,0.2,0.2,0.2,0.2,0.2,0.2,0.0,1.0,5.0),
 (18,'Luz.Kleegras mehrj.',0.5,0.33,0.33,0.0,0.0,0.0,0.33,0.33,3.0,9.0),
 (19,'Hanf',0.25,0.25,0.25,0.25,0.25,0.25,0.0,0.0,1.0,4.0),
 (20,'Buchweizen',0.25,0.25,0.25,0.25,0.25,0.25,0.0,0.0,1.0,4.0),
 (21,'Feldgemüse (ohne Kohl)',0.25,0.25,0.25,0.25,0.25,0.25,0.0,0.0,1.0,4.0),
 (22,'Weizen',0.34,0.25,0.25,0.25,0.25,0.25,0.0,0.0,1.0,4.0),
 (23,'Roggen',1.0,1.0,1.0,0.0,0.0,0.0,0.0,0.0,1.0,1.0),
 (24,'Gerste',0.34,0.5,0.5,0.5,0.0,0.0,0.0,0.0,1.0,2.0);
INSERT INTO "soil_quality_tb" ("soil_quality_id","soil_index","name_de","whc_rz","name_en","name_fr","particle_01micro_m") VALUES (1,25,'Sand',100,'sand','sable',0.1),
 (2,30,'lehmiger Sand',200,'loamy sand','sablo-limoneux',0.15),
 (3,35,'sandiger Lehm',300,'sandy loam','limono-sableux',0.21),
 (4,40,'sandiger Lehm',325,'sandy clay loam','limono-sableux',0.26),
 (5,45,'Lehm',350,'loam','* TRIAL * TRIAL * TR',0.37),
 (6,50,'sandig toniger Lehm',400,'sandy clay loam','argilo-sableux',0.45),
 (7,55,'* TRIAL * TR',500,'clay loam','limon argilo-sableux moyen',0.52),
 (8,60,'Ton',600,'clay','argile ',0.7),
 (9,65,'schluffiger Lehm',450,'silt loam','limon argileux moyen',NULL),
 (10,70,'* TRIAL * TRIAL',500,'silty clay','* TRIAL * TRIAL',NULL),
 (11,75,'* TRIAL * TRIAL * TRIA',450,'silty clay loam','* TRIAL * TRIAL * ',NULL),
 (12,80,'Schluff',500,'silt','* TRIAL *',NULL);
INSERT INTO "tillage_tb" ("tillage_id","name_de","name_en","name_fr") VALUES (1,'keine','none','aucun'),
 (2,'Pflug','plough','charrue'),
 (3,'reduzierte Bodenbearbeitung pfluglos','reduced','réduit');
INSERT INTO "weed_infestation_index_tb" ("weed_infestation_index_id","crop_id","acronym","sa_index","crop_type_id","winter_summer_crop_id","summer_winter_annual_id","wa_index","q_index") VALUES (1,52,'KNG',NULL,NULL,2,NULL,NULL,NULL),
 (2,118,'LHS',NULL,NULL,NULL,NULL,NULL,NULL),
 (3,17,'ABO',4,3,1,2,-1,0),
 (4,1,'DIN',0,1,0,0,4,1),
 (5,18,'FER',3,3,1,2,-1,1),
 (6,19,'GLU',3,3,1,2,-1,1),
 (7,20,'HEG',2,3,1,1,-1,-1),
 (8,27,'LZS',-1,4,2,NULL,-1,0),
 (9,32,'ST1',-1,4,1,NULL,-1,0),
 (10,31,'ST0',3,4,1,NULL,-1,0),
 (11,52,'KNG',NULL,NULL,2,NULL,NULL,NULL),
 (12,118,'LHS',NULL,NULL,NULL,NULL,NULL,NULL),
 (21,43,'WGR',NULL,NULL,0,NULL,NULL,NULL),
 (22,35,'BGE',NULL,NULL,1,NULL,NULL,NULL),
 (23,41,'SGF',NULL,NULL,1,NULL,NULL,NULL),
 (24,97,'HAN',NULL,NULL,1,NULL,NULL,NULL),
 (25,98,'BLK',NULL,NULL,1,NULL,NULL,NULL),
 (26,99,'KOK',NULL,NULL,1,NULL,NULL,NULL),
 (27,109,'RRU',NULL,NULL,1,NULL,NULL,NULL),
 (28,57,'WEG',NULL,NULL,2,NULL,NULL,NULL),
 (29,58,'KLE',NULL,NULL,2,NULL,NULL,NULL),
 (30,59,'RKG',NULL,NULL,0,NULL,NULL,NULL),
 (31,60,'RKL',NULL,NULL,0,NULL,NULL,NULL),
 (32,61,'LGR',NULL,NULL,0,NULL,NULL,NULL),
 (33,62,'WIC',NULL,NULL,0,NULL,NULL,NULL),
 (34,63,'FHA',NULL,NULL,1,NULL,NULL,NULL),
 (35,64,'FKA',NULL,NULL,1,NULL,NULL,NULL),
 (36,79,'FHU',NULL,NULL,1,NULL,NULL,NULL),
 (37,33,'WRA',-2,2,0,0,2,-2),
 (38,9,'WRO',-1,1,0,0,3,-1),
 (39,10,'WWE',0,1,0,0,4,1),
 (40,16,'ZWI',3,2,1,NULL,-2,-2),
 (41,14,'STR',3,2,1,NULL,-2,-2),
 (42,11,'FRU',3,2,1,NULL,-2,-2),
 (43,15,'ZRU',3,2,1,NULL,-2,-2),
 (44,28,'LZX',-1,4,2,NULL,-1,-1),
 (45,29,'LZY',-1,4,2,NULL,-1,-1),
 (46,30,'LZZ',-1,4,2,NULL,-1,-1),
 (47,0,'000',NULL,NULL,NULL,NULL,NULL,NULL),
 (48,56,'SJB',NULL,NULL,NULL,NULL,NULL,NULL),
 (49,37,'FLE',NULL,NULL,1,NULL,NULL,NULL),
 (50,48,'GRO',NULL,NULL,0,NULL,NULL,NULL),
 (51,49,'KGR',NULL,NULL,2,NULL,NULL,NULL),
 (52,50,'KLG',NULL,NULL,1,NULL,NULL,NULL),
 (53,51,'KLS',NULL,NULL,1,NULL,NULL,NULL),
 (54,53,'LU1',NULL,NULL,0,NULL,NULL,NULL),
 (55,54,'LU2',NULL,NULL,0,NULL,NULL,NULL),
 (56,55,'LUP',3,NULL,1,NULL,-1,1),
 (57,38,'OLE',NULL,NULL,1,NULL,NULL,NULL),
 (58,39,'SBL',NULL,NULL,1,NULL,NULL,NULL),
 (59,2,'HAF',1,1,1,1,0,-1),
 (60,5,'SMA',4,1,1,NULL,-1,-2),
 (61,40,'SEN',NULL,NULL,1,NULL,NULL,NULL),
 (62,4,'SGE',2,1,1,1,0,1),
 (63,71,'PF1',NULL,NULL,NULL,NULL,NULL,NULL),
 (64,72,'RIE',NULL,NULL,NULL,NULL,NULL,NULL),
 (65,73,'TRR',NULL,NULL,NULL,NULL,NULL,NULL),
 (66,45,'LKG',-1,NULL,2,NULL,-1,0),
 (67,46,'LKH',-1,NULL,2,NULL,-1,0),
 (68,47,'BRA',NULL,NULL,1,NULL,NULL,NULL),
 (69,78,'ST2',NULL,NULL,1,NULL,NULL,NULL),
 (70,34,'LKU',NULL,NULL,0,NULL,NULL,NULL),
 (71,100,'FGH',NULL,NULL,NULL,NULL,NULL,NULL),
 (72,101,'HEK',NULL,NULL,NULL,NULL,NULL,NULL),
 (73,102,'HEL',NULL,NULL,NULL,NULL,NULL,NULL),
 (74,103,'LHA',NULL,NULL,NULL,NULL,NULL,NULL),
 (75,104,'NGG',NULL,NULL,NULL,NULL,NULL,NULL),
 (76,105,'NWW',NULL,NULL,NULL,NULL,NULL,NULL),
 (77,6,'SWE',2,1,1,1,0,0),
 (78,42,'SRA',NULL,NULL,1,NULL,NULL,NULL),
 (79,12,'SKA',3,2,1,NULL,-2,-3),
 (80,44,'WLU',4,NULL,1,2,-1,2),
 (81,65,'STI',-1,NULL,1,NULL,-1,0),
 (82,66,'GDU',NULL,NULL,1,NULL,NULL,NULL),
 (83,67,'GTG',NULL,NULL,2,NULL,NULL,NULL),
 (84,68,'IKA',NULL,NULL,1,NULL,NULL,NULL),
 (85,69,'PKA',NULL,NULL,1,NULL,NULL,NULL),
 (86,70,'LEI',NULL,NULL,1,NULL,NULL,NULL),
 (87,74,'RNW',NULL,NULL,1,NULL,NULL,NULL),
 (88,75,'GAW',NULL,NULL,1,NULL,NULL,NULL),
 (89,76,'GRH',NULL,NULL,2,NULL,NULL,NULL),
 (90,77,'GRS',NULL,NULL,2,NULL,NULL,NULL),
 (91,80,'HFG',NULL,NULL,1,NULL,NULL,NULL),
 (92,81,'BLU',NULL,NULL,1,NULL,NULL,NULL),
 (93,82,'SGU',NULL,NULL,1,NULL,NULL,NULL),
 (94,83,'GUR',NULL,NULL,1,NULL,NULL,NULL),
 (95,84,'TAB',NULL,NULL,1,NULL,NULL,NULL),
 (96,85,'GLA',NULL,NULL,1,NULL,NULL,NULL),
 (97,86,'HUT',NULL,NULL,2,NULL,NULL,NULL),
 (98,87,'GHE',NULL,NULL,1,NULL,NULL,NULL),
 (99,88,'GWS',NULL,NULL,2,NULL,NULL,NULL),
 (100,89,'GSW',NULL,NULL,2,NULL,NULL,NULL),
 (101,90,'GWU',NULL,NULL,2,NULL,NULL,NULL),
 (102,91,'GGF',NULL,NULL,1,NULL,NULL,NULL),
 (103,92,'GGE',NULL,NULL,2,NULL,NULL,NULL),
 (104,93,'GHA',NULL,NULL,1,NULL,NULL,NULL),
 (105,94,'GMA',NULL,NULL,NULL,NULL,NULL,NULL),
 (106,95,'CCM',NULL,NULL,1,NULL,NULL,NULL),
 (107,96,'DWG',NULL,NULL,2,NULL,NULL,NULL),
 (108,7,'TRI',-1,1,0,0,3,0),
 (109,8,'WGE',-1,1,0,0,3,0),
 (110,3,'KMA',4,1,1,NULL,-1,-2),
 (111,22,'LKS',-1,4,2,NULL,-1,0),
 (112,26,'LZH',-1,4,2,NULL,-1,0),
 (113,25,'LZG',-1,4,2,NULL,-1,0),
 (114,21,'SBO',4,3,1,2,-2,1),
 (115,24,'LZ0',3,4,1,NULL,-1,0),
 (116,13,'SPM',3,2,1,NULL,-2,-2),
 (117,23,'LKZ',-1,4,2,NULL,-1,-1),
 (118,112,'SEL',NULL,NULL,1,NULL,NULL,NULL),
 (119,113,'SPI',NULL,NULL,1,NULL,NULL,NULL),
 (120,114,'DIB',NULL,NULL,1,NULL,NULL,NULL),
 (121,115,'GRE',NULL,NULL,1,NULL,NULL,NULL),
 (122,116,'GRB',NULL,NULL,1,NULL,NULL,NULL),
 (123,106,'KOR',NULL,NULL,1,NULL,NULL,NULL),
 (124,107,'ROK',NULL,NULL,1,NULL,NULL,NULL),
 (125,108,'RSK',NULL,NULL,1,NULL,NULL,NULL),
 (126,110,'WIK',NULL,NULL,1,NULL,NULL,NULL),
 (127,111,'WEK',NULL,NULL,1,NULL,NULL,NULL),
 (128,36,'ERB',NULL,NULL,1,NULL,NULL,NULL),
 (129,117,'EGU',NULL,NULL,1,NULL,NULL,NULL);
INSERT INTO "winterhardiness_values_tb" ("winterhardiness_values_id","name_de","name_en","name_fr","winterhardiness_value") VALUES (0,'hoch','high','haut',0.0),
 (1,'mittel','medium','moyen',0.5),
 (2,'gering','low','bas',0.75);
INSERT INTO "yield_crop_coefficients_bachinger_tb" ("a_1","a_2","a_3","acronym","b_1","b_2","b_3","c_1","c_2","c_3","crop_id","yield_crop_coefficients_bachinger_id") VALUES (-0.0042,-0.0047,-0.0053,'DIN',1.25,1.41,1.57,-16.7,-16.8,-16.9,1,1),
 (-0.0159,-0.0159,-0.0159,'HEG',2.1556,2.1556,2.1556,-30.452,-30.452,-30.452,20,2),
 (-0.0053,-0.0059,-0.0066,'WRO',1.15,1.302,1.451,-8.8,-7.7,-6.6,9,3),
 (-0.0059,-0.0067,-0.0074,'TRI',1.3,1.47,1.64,-14.4,-15.0,-13.6,7,4),
 (-0.0059,-0.0059,-0.0059,'WGE',1.3,1.47,1.64,-14.4,-15.0,-13.6,8,5),
 (-0.0045,-0.0048,-0.0054,'SWE',1.07,1.15,1.28,-14.2,-13.7,-13.7,6,6),
 (-0.0062,-0.0072,-0.0081,'HAF',1.09,1.2292,1.367,-12.1,-10.5,-8.8929,2,7),
 (-0.0045,-0.0048,-0.0054,'SGE',1.07,1.15,1.28,-14.2,-13.7,-13.7,4,8),
 (-0.0042,-0.0047,-0.0053,'WWE',1.25,1.41,1.57,-16.7,-16.8,-16.9,10,9),
 (NULL,-0.0359,-0.0433,'SKA',NULL,7.97,9.24,NULL,-105.7,-110.0,12,10),
 (NULL,NULL,NULL,'KMA',NULL,NULL,NULL,NULL,NULL,NULL,3,11),
 (-0.0072,-0.0072,-0.0072,'GLU',1.115,1.115,1.115,-8.01,-8.01,-8.01,19,12),
 (-0.0111,-0.0111,-0.0111,'ABO',1.867,1.867,1.867,-30.3,-30.3,-30.3,17,13),
 (-0.0159,-0.0159,-0.0159,'FER',2.1556,2.1556,2.1556,-30.452,-30.452,-30.452,18,14),
 (NULL,NULL,NULL,'SBO',NULL,NULL,NULL,NULL,NULL,NULL,21,15),
 (-0.025,-0.025,-0.025,'LKG',3.38,3.38,3.38,-12.54,-12.54,-12.54,45,16),
 (-0.025,-0.025,-0.025,'KLG',3.38,3.38,3.38,-12.54,-12.54,-12.54,50,17),
 (-0.025,-0.025,-0.025,'STG',3.38,3.38,3.38,-12.54,-12.54,-12.54,NULL,18),
 (-0.025,-0.025,-0.025,'STI',3.38,3.38,3.38,-12.54,-12.54,-12.54,65,19),
 (-0.025,-0.025,-0.025,'LKH',3.38,3.38,3.38,-12.54,-12.54,-12.54,46,20),
 (-0.025,-0.025,-0.025,'KLH',3.38,3.38,3.38,-12.54,-12.54,-12.54,NULL,21),
 (-0.025,-0.025,-0.025,'STH',3.38,3.38,3.38,-12.54,-12.54,-12.54,NULL,22),
 (NULL,-0.00216,-0.0024,'WRA

',NULL,4.2,0.456,NULL,4.5,3.6,NULL,23),
 (NULL,-0.05714,-0.06857,'SMA',NULL,10.0,11.3714,NULL,-139.9857,-90.0,5,24),
 (NULL,NULL,NULL,'KLS',NULL,NULL,NULL,NULL,NULL,NULL,51,25),
 (NULL,NULL,NULL,'LKS',NULL,NULL,NULL,NULL,NULL,NULL,22,26),
 (-0.025,-0.025,-0.025,'LKU',3.38,3.38,3.38,-12.54,-12.54,-12.54,34,27),
 (NULL,NULL,NULL,'LZ0',NULL,NULL,NULL,NULL,NULL,NULL,24,28),
 (NULL,NULL,NULL,'LZG',NULL,NULL,NULL,NULL,NULL,NULL,25,29),
 (-0.025,-0.025,-0.025,'LZH',3.38,3.38,3.38,-12.54,-12.54,-12.54,26,30),
 (-0.025,-0.025,-0.025,'LZS',3.38,3.38,3.38,-12.54,-12.54,-12.54,27,31),
 (NULL,NULL,NULL,'LZX',NULL,NULL,NULL,NULL,NULL,NULL,28,32),
 (NULL,NULL,NULL,'LZY',NULL,NULL,NULL,NULL,NULL,NULL,29,33),
 (NULL,NULL,NULL,'LZZ',NULL,NULL,NULL,NULL,NULL,NULL,30,34),
 (NULL,NULL,NULL,'ST0',NULL,NULL,NULL,NULL,NULL,NULL,31,35),
 (-0.025,-0.025,-0.025,'ST1',3.38,3.38,3.38,-12.54,-12.54,-12.54,32,36),
 (NULL,NULL,NULL,'STS',NULL,NULL,NULL,NULL,NULL,NULL,NULL,37),
 (NULL,NULL,NULL,'LKZ',NULL,NULL,NULL,NULL,NULL,NULL,23,38);
INSERT INTO "yield_crop_coefficients_tb" ("a_1","a_2","a_3","yield_precrop_kultur","b_1","b_2","b_3","c_1","c_2","c_3","yield_precrop_comment","yield_crop_coefficients_id","crop_id") VALUES (0.0042,0.0047,0.0053,'DIN',1.25,1.41,1.57,16.9,16.8,16.7,'',1,1),
 (0.0048,0.0048,0.0048,'HEG',0.994,0.994,0.994,9.0,9.0,9.0,'* TRIAL * TRIAL * TRIAL * TRIAL * TRIAL * TRIAL * TRIAL * TRIAL * TRIAL * TRIAL * TRIAL * TRIAL * T',2,20),
 (0.0053,0.0059,0.0066,'WRO',1.15,1.302,1.451,8.8,7.7,6.6,NULL,3,9),
 (0.0059,0.0067,0.0074,'TRI',1.3,1.47,1.64,14.4,15.0,13.6,NULL,4,7),
 (0.0059,0.0067,0.0074,'WGE',1.3,1.47,1.64,14.4,15.0,13.6,NULL,5,8),
 (0.0045,0.0048,0.0054,'SWE',1.07,1.15,1.28,14.2,13.7,13.7,NULL,6,6),
 (0.0062,0.0072,0.0081,'HAF',1.09,1.2292,1.367,12.1,10.5,8.8929,NULL,7,2),
 (0.0045,0.0048,0.0054,'SGE',1.07,1.15,1.28,14.2,13.7,13.7,NULL,8,4),
 (0.0042,0.0047,0.0053,'WWE',1.57,1.41,1.25,16.9,16.8,16.7,NULL,9,10),
 (0.0359,0.0359,0.0433,'SKA',7.97,7.97,9.24,155.7,105.7,110.0,'SKA_OD muss noch addiert werden',10,12),
 (NULL,0.008695652173913,0.0104347826086957,'KMA',NULL,1.52173913043478,1.7304347826087,NULL,14.3478260869565,12.1739130434783,'Muss noch (E + GetYield_corr_KMA + KMA_N_OD) / N_Need_per_dt;

CK 01.09.2020: If EF2 Then E = ((-0.02 * AZ ^ 2 + 3.5 * AZ - 12) - 70 * 0.3) / 2.3 direkt verrechnet, daher fügt sich das in die allgemeine Formel (faktor1*az^2+faktor2*az - subtrahend) ein ;

Ba 2016-06-13: Körnermais aus Silomais abgeleitet; bei einem Stroh-Korn-Verhältnis von 1,3;',11,3),
 (0.0072,0.0072,0.0072,'GLU',1.115,1.115,1.115,8.01,8.01,8.01,' CK 01.09.2020: unabhängig von der Ertragsfunktion, daher 3x gleich;

Ba 20.05.03: neue Ertragsformel für blaue Lupinen aus; gilt für gelbe und blaue Lupinen;',12,19),
 (0.0111,0.0111,0.0111,'ABO',1.867,1.867,1.867,30.3,30.3,30.3,'CK 01.09.2020: unabhängig von der Ertragsfunktion, daher 3x gleich;',13,17),
 (0.0048,0.0048,0.0048,'FER',0.0994,0.0994,0.0994,9.0,9.0,9.0,'CK 01.09.2020: unabhängig von der Ertragsfunktion, daher 3x gleich;

',14,18),
 (0.0072,0.0072,0.0072,'SBO',1.115,1.115,1.115,8.01,8.01,8.01,'CK 01.09.2020: unabhängig von der Ertragsfunktion, daher 3x gleich;

Sojabohne noch gleich blaue Lupine 14.06.16 Muss noch angepasst werden!!!!!',15,21),
 (0.025,0.025,0.025,'LKG',3.38,3.38,3.38,12.54,12.54,12.54,'Futterleguminose;

CK 01.09.2020: unabhängig von der Ertragsfunktion, daher 3x gleich;

E = (PEFutter + GetYield_corr_LZ) * 0.85 / TM * Broesel',16,45),
 (0.025,0.025,0.025,'KLG',3.38,3.38,3.38,12.54,12.54,12.54,'* TRIAL * TRIAL * TRIAL * TRIAL * TRIAL * TRIAL * TRIAL * TRIAL * TRIAL * TRIAL * TRIAL * TRIAL * TRIAL * TRIAL * TRIAL * TRIAL * TRIAL * TRIAL',17,50),
 (0.025,0.025,0.025,'STG',3.38,3.38,3.38,12.54,12.54,12.54,'Futterleguminose;

CK 01.09.2020: unabhängig von der Ertragsfunktion, daher 3x gleich;

E = (PEFutter + GetYield_corr_LZ) * 0.85 / TM * Broesel',18,NULL),
 (0.025,0.025,0.025,'STI',3.38,3.38,3.38,12.54,12.54,12.54,'Futterleguminose;

CK 01.09.2020: unabhängig von der Ertragsfunktion, daher 3x gleich;

E = (PEFutter + GetYield_corr_LZ) * 0.85 / TM * Broesel',19,65),
 (0.025,0.025,0.025,'LKH',3.38,3.38,3.38,12.54,12.54,12.54,NULL,20,46),
 (0.025,0.025,0.025,'KLH',3.38,3.38,3.38,12.54,12.54,12.54,NULL,21,NULL),
 (0.025,0.025,0.025,'STH',3.38,3.38,3.38,12.54,12.54,12.54,NULL,22,NULL),
 (0.00198,0.00216,0.0024,'WRA

',0.378,0.42,0.456,4.8,4.5,3.6,NULL,23,NULL),
 (0.0533333333333333,0.0666666666666667,0.08,'SMA',10.0,11.6666666666667,13.2666666666667,56.6666666666667,40.0,23.3333333333333,'+SMA_OD;

Silomais (35 % TS)

ertragsfunktion1:

If EF1 Then E = ((-0.016 * AZ ^ 2 + 3 * AZ - 17) / 0.35) - 70 + SMA_OD

habe die 0.35 direkt verrechnet CK 01.09.2020

',24,5),
 (0.03125,0.03125,0.03125,'KLS',4.225,4.225,4.225,250.8,250.8,250.8,NULL,25,51),
 (0.03125,0.03125,0.03125,'LKS',4.225,4.225,4.225,250.8,250.8,250.8,NULL,26,22),
 (0.03125,0.03125,0.03125,'LKU',4.225,4.225,4.225,250.8,250.8,250.8,'Futterleguminose;

CK 01.09.2020: unabhängig von der Ertragsfunktion, daher 3x gleich;

E = (PEFutter + GetYield_corr_LZ) * 0.85 / TM * Broesel',27,34),
 (0.015625,0.015625,0.015625,'LZ0',2.1125,2.1125,2.1125,125.4,125.4,125.4,'sowing in spring;

CK 01.09.2020: unabhängig von der Ertragsfunktion, daher 3x gleich;

E = (PEFutter + GetYield_corr_LZ) * 0.85*0.5 / TM * Broesel',28,24),
 (0.03125,0.03125,0.03125,'LZG',4.225,4.225,4.225,250.8,250.8,250.8,'Futterleguminose;

CK 01.09.2020: unabhängig von der Ertragsfunktion, daher 3x gleich;

E = (PEFutter + GetYield_corr_LZ) * 0.85 / TM * Broesel',29,25),
 (0.03125,0.03125,0.03125,'LZH',4.225,4.225,4.225,250.8,250.8,250.8,'Futterleguminose;

CK 01.09.2020: unabhängig von der Ertragsfunktion, daher 3x gleich;

E = (PEFutter + GetYield_corr_LZ) * 0.85 / TM * Broesel',30,26),
 (0.03125,0.03125,0.03125,'LZS',4.225,4.225,4.225,250.8,250.8,250.8,'* TRIAL * TRIAL * TRIAL * TRIAL * TRIAL * TRIAL * TRIAL * TRIAL * TRIAL * TRIAL * TRIAL * TRIAL * TRIAL * TRIAL * TRIAL * TRIAL * TRIAL * TRIAL',31,27),
 (0.03125,0.03125,0.03125,'LZX',4.225,4.225,4.225,250.8,250.8,250.8,'* TRIAL * TRIAL * TRIAL * TRIAL * TRIAL * TRIAL * TRIAL * TRIAL * TRIAL * TRIAL * TRIAL * TRIAL * TRIAL * TRIAL * TRIAL * TRIAL * TRIAL * TRIAL * T',32,28),
 (0.03125,0.03125,0.03125,'LZY',4.225,4.225,4.225,250.8,250.8,250.8,'sowing in harvest

CK 01.09.2020: unabhängig von der Ertragsfunktion, daher 3x gleich;

E = (PEFutter + GetYield_corr_LZ) * 0.85*0.9 / TM * Broesel',33,29),
 (0.03125,0.03125,0.03125,'LZZ',4.225,4.225,4.225,250.8,250.8,250.8,'sowing in harvest

CK 01.09.2020: unabhängig von der Ertragsfunktion, daher 3x gleich;

E = (PEFutter + GetYield_corr_LZ) * 0.85*0.9 / TM * Broesel',34,30),
 (0.03125,0.03125,0.03125,'ST0',4.225,4.225,4.225,250.8,250.8,250.8,NULL,35,31),
 (0.03125,0.03125,0.03125,'ST1',4.225,4.225,4.225,250.8,250.8,250.8,'* TRIAL * TRIAL * TRIAL * TRIAL * TRIAL * TRIAL * TRIAL * TRIAL * TRIAL * TRIAL * TRIAL * TRIAL * TRIAL * TRIAL * TRIAL * TRIAL * TRIAL * TRIAL',36,32),
 (0.03125,0.03125,0.03125,'STS',4.225,4.225,4.225,250.8,250.8,250.8,NULL,37,NULL),
 (0.03125,0.03125,0.03125,'LKZ',4.225,4.225,4.225,250.8,250.8,250.8,'* TRIAL * TRIAL * TRIAL * ',39,23),
 (0.0,0.0,0.0,'FRU',0.0,0.0,0.0,0.0,0.0,0.0,NULL,40,11),
 (0.0,0.0,0.0,'SPM',0.0,0.0,0.0,0.0,0.0,0.0,NULL,41,13),
 (0.0,0.0,0.0,'STR',0.0,0.0,0.0,0.0,0.0,0.0,NULL,42,14),
 (0.0,0.0,0.0,'ZRU',0.0,0.0,0.0,0.0,0.0,0.0,NULL,43,15);
CREATE UNIQUE INDEX IF NOT EXISTS "crops_acronym_unique" ON "crops_tb" (
	"acronym"
);
CREATE INDEX IF NOT EXISTS "crop_rotation_previous_crop_n_delivery_fk" ON "crop_production_activities_tb" (
	"previous_crop_n_delivery"
);
CREATE INDEX IF NOT EXISTS "crop_rotation_n_delivery_fk" ON "crop_production_activities_tb" (
	"n_delivery"
);
CREATE INDEX IF NOT EXISTS "fki_manure_solid_standardvalues_manure_type_id_fk" ON "manure_solid_standardvalues_tb" (
	"manure_type_id"
);
CREATE INDEX IF NOT EXISTS "fki_n_need_crop_id_fk" ON "n_need_tb" (
	"crop_id"
);
COMMIT;
